epoch_utc,dec_lexi,ra_lexi
2025-03-02 12:00:00+00:00,-1.06,-177.0
2025-03-02 12:00:20+00:00,-1.06,-177.0
2025-03-02 12:00:40+00:00,-1.06,-177.0
2025-03-02 12:01:05+00:00,-1.07,-177.0
2025-03-02 12:01:25+00:00,-1.07,-177.0
2025-03-02 12:01:45+00:00,-1.07,-177.0
2025-03-02 12:02:07+00:00,-1.07,-177.0
2025-03-02 12:02:27+00:00,-1.07,-177.0
2025-03-02 12:02:50+00:00,-1.07,-177.0
2025-03-02 12:03:10+00:00,-1.07,-177.0
2025-03-02 12:03:34+00:00,-1.07,-177.0
2025-03-02 12:03:53+00:00,-1.07,-177.0
2025-03-02 12:04:14+00:00,-1.08,-177.0
2025-03-02 12:04:35+00:00,-1.08,-177.0
2025-03-02 12:04:57+00:00,-1.08,-177.0
2025-03-02 12:05:17+00:00,-1.08,-177.0
2025-03-02 12:05:37+00:00,-1.08,-177.0
2025-03-02 12:05:57+00:00,-1.08,-177.0
2025-03-02 12:06:17+00:00,-1.08,-177.0
2025-03-02 12:06:37+00:00,-1.08,-177.0
2025-03-02 12:07:00+00:00,-1.09,-177.0
2025-03-02 12:07:20+00:00,-1.09,-177.0
2025-03-02 12:07:40+00:00,-1.09,-177.0
2025-03-02 12:08:00+00:00,-1.09,-177.0
2025-03-02 12:08:20+00:00,-1.09,-177.0
2025-03-02 12:08:40+00:00,-1.09,-177.0
2025-03-02 12:09:00+00:00,-1.09,-177.0
2025-03-02 12:09:20+00:00,-1.09,-177.0
2025-03-02 12:09:40+00:00,-1.09,-177.0
2025-03-02 12:10:03+00:00,-1.1,-177.0
2025-03-02 12:10:23+00:00,-1.1,-177.0
2025-03-02 12:10:44+00:00,-1.1,-177.0
2025-03-02 12:11:05+00:00,-1.1,-177.0
2025-03-02 12:11:25+00:00,-1.1,-177.0
2025-03-02 12:11:45+00:00,-1.1,-177.0
2025-03-02 12:12:05+00:00,-1.1,-177.0
2025-03-02 12:12:25+00:00,-1.1,-177.0
2025-03-02 12:12:47+00:00,-1.11,-177.0
2025-03-02 12:13:07+00:00,-1.11,-177.0
2025-03-02 12:13:28+00:00,-1.11,-177.0
2025-03-02 12:13:47+00:00,-1.11,-177.0
2025-03-02 12:14:07+00:00,-1.11,-177.0
2025-03-02 12:14:28+00:00,-1.11,-177.0
2025-03-02 12:14:50+00:00,-1.11,-177.0
2025-03-02 12:15:10+00:00,-1.11,-177.0
2025-03-02 12:15:30+00:00,-1.11,-177.0
2025-03-02 12:15:50+00:00,-1.12,-177.0
2025-03-02 12:16:10+00:00,-1.12,-177.0
2025-03-02 12:16:30+00:00,-1.12,-177.0
2025-03-02 12:16:50+00:00,-1.12,-177.0
2025-03-02 12:17:10+00:00,-1.12,-177.0
2025-03-02 12:17:30+00:00,-1.12,-177.0
2025-03-02 12:17:53+00:00,-1.12,-177.0
2025-03-02 12:18:15+00:00,-1.12,-177.0
2025-03-02 12:18:35+00:00,-1.13,-177.0
2025-03-02 12:18:55+00:00,-1.13,-177.0
2025-03-02 12:19:15+00:00,-1.13,-177.0
2025-03-02 12:19:35+00:00,-1.13,-177.0
2025-03-02 12:19:57+00:00,-1.13,-177.0
2025-03-02 12:20:17+00:00,-1.13,-177.0
2025-03-02 12:20:37+00:00,-1.13,-177.0
2025-03-02 12:20:57+00:00,-1.13,-177.0
2025-03-02 12:21:17+00:00,-1.13,-177.0
2025-03-02 12:21:40+00:00,-1.14,-177.0
2025-03-02 12:22:00+00:00,-1.14,-177.0
2025-03-02 12:22:20+00:00,-1.14,-177.0
2025-03-02 12:22:40+00:00,-1.14,-177.0
2025-03-02 12:23:00+00:00,-1.14,-177.0
2025-03-02 12:23:23+00:00,-1.14,-177.0
2025-03-02 12:23:44+00:00,-1.14,-177.0
2025-03-02 12:24:04+00:00,-1.14,-177.0
2025-03-02 12:24:25+00:00,-1.14,-177.0
2025-03-02 12:24:45+00:00,-1.15,-177.0
2025-03-02 12:25:05+00:00,-1.15,-177.0
2025-03-02 12:25:27+00:00,-1.15,-177.0
2025-03-02 12:25:50+00:00,-1.15,-177.0
2025-03-02 12:26:10+00:00,-1.15,-177.0
2025-03-02 12:26:30+00:00,-1.15,-177.0
2025-03-02 12:26:50+00:00,-1.15,-177.0
2025-03-02 12:27:10+00:00,-1.15,-177.0
2025-03-02 12:27:30+00:00,-1.16,-177.0
2025-03-02 12:27:50+00:00,-1.16,-177.0
2025-03-02 12:28:14+00:00,-1.16,-177.0
2025-03-02 12:28:34+00:00,-1.16,-177.0
2025-03-02 12:28:54+00:00,-1.16,-177.0
2025-03-02 12:29:15+00:00,-1.16,-177.0
2025-03-02 12:29:35+00:00,-1.16,-177.0
2025-03-02 12:29:55+00:00,-1.16,-177.0
2025-03-02 12:30:15+00:00,-1.16,-177.0
2025-03-02 12:30:35+00:00,-1.17,-177.0
2025-03-02 12:30:57+00:00,-1.17,-177.0
2025-03-02 12:31:17+00:00,-1.17,-177.0
2025-03-02 12:31:37+00:00,-1.17,-177.0
2025-03-02 12:31:57+00:00,-1.17,-177.0
2025-03-02 12:32:17+00:00,-1.17,-177.0
2025-03-02 12:32:40+00:00,-1.17,-177.0
2025-03-02 12:33:00+00:00,-1.17,-177.0
2025-03-02 12:33:21+00:00,-1.18,-177.0
2025-03-02 12:33:40+00:00,-1.18,-177.0
2025-03-02 12:34:03+00:00,-1.18,-177.0
2025-03-02 12:34:25+00:00,-1.18,-177.0
2025-03-02 12:34:47+00:00,-1.18,-177.0
2025-03-02 12:35:08+00:00,-1.18,-177.0
2025-03-02 12:35:33+00:00,-1.18,-177.0
2025-03-02 12:35:55+00:00,-1.18,-177.0
2025-03-02 12:36:15+00:00,-1.19,-177.0
2025-03-02 12:36:35+00:00,-1.19,-177.0
2025-03-02 12:36:55+00:00,-1.19,-177.0
2025-03-02 12:37:15+00:00,-1.19,-177.0
2025-03-02 12:37:37+00:00,-1.19,-177.0
2025-03-02 12:38:07+00:00,-1.19,-177.0
2025-03-02 12:38:27+00:00,-1.19,-177.0
2025-03-02 12:38:47+00:00,-1.19,-177.0
2025-03-02 12:39:07+00:00,-1.2,-177.0
2025-03-02 12:39:27+00:00,-1.2,-177.0
2025-03-02 12:39:51+00:00,-1.2,-177.0
2025-03-02 12:40:11+00:00,-1.2,-177.0
2025-03-02 12:40:31+00:00,-1.2,-177.0
2025-03-02 12:40:51+00:00,-1.2,-177.0
2025-03-02 12:41:11+00:00,-1.2,-177.0
2025-03-02 12:41:33+00:00,-1.2,-177.0
2025-03-02 12:41:53+00:00,-1.2,-177.0
2025-03-02 12:42:15+00:00,-1.21,-177.0
2025-03-02 12:42:35+00:00,-1.21,-177.0
2025-03-02 12:42:55+00:00,-1.21,-177.0
2025-03-02 12:43:17+00:00,-1.21,-177.0
2025-03-02 12:43:40+00:00,-1.21,-177.0
2025-03-02 12:44:00+00:00,-1.21,-177.0
2025-03-02 12:44:23+00:00,-1.21,-177.0
2025-03-02 12:44:44+00:00,-1.21,-177.0
2025-03-02 12:45:05+00:00,-1.22,-177.0
2025-03-02 12:45:25+00:00,-1.22,-177.0
2025-03-02 12:45:47+00:00,-1.22,-177.0
2025-03-02 12:46:07+00:00,-1.22,-177.0
2025-03-02 12:46:27+00:00,-1.22,-177.0
2025-03-02 12:46:47+00:00,-1.22,-177.0
2025-03-02 12:47:10+00:00,-1.22,-177.0
2025-03-02 12:47:30+00:00,-1.22,-177.0
2025-03-02 12:47:52+00:00,-1.22,-177.0
2025-03-02 12:48:13+00:00,-1.23,-177.0
2025-03-02 12:48:35+00:00,-1.23,-177.0
2025-03-02 12:48:55+00:00,-1.23,-177.0
2025-03-02 12:49:18+00:00,-1.23,-177.0
2025-03-02 12:49:37+00:00,-1.23,-177.0
2025-03-02 12:50:00+00:00,-1.23,-177.0
2025-03-02 12:50:20+00:00,-1.23,-177.0
2025-03-02 12:50:40+00:00,-1.23,-177.0
2025-03-02 12:51:00+00:00,-1.24,-177.0
2025-03-02 12:51:20+00:00,-1.24,-177.0
2025-03-02 12:51:40+00:00,-1.24,-177.0
2025-03-02 12:52:05+00:00,-1.24,-177.0
2025-03-02 12:52:25+00:00,-1.24,-177.0
2025-03-02 12:52:45+00:00,-1.24,-177.0
2025-03-02 12:53:05+00:00,-1.24,-177.0
2025-03-02 12:53:25+00:00,-1.24,-177.0
2025-03-02 12:53:47+00:00,-1.24,-177.0
2025-03-02 12:54:07+00:00,-1.25,-177.0
2025-03-02 12:54:27+00:00,-1.25,-177.0
2025-03-02 12:54:47+00:00,-1.25,-177.0
2025-03-02 12:55:07+00:00,-1.25,-177.0
2025-03-02 12:55:33+00:00,-1.25,-177.0
2025-03-02 12:55:53+00:00,-1.25,-177.0
2025-03-02 12:56:15+00:00,-1.25,-177.0
2025-03-02 12:56:35+00:00,-1.25,-177.0
2025-03-02 12:56:55+00:00,-1.26,-177.0
2025-03-02 12:57:15+00:00,21.8,-115.0
2025-03-02 12:57:35+00:00,21.8,-115.0
2025-03-02 12:57:55+00:00,21.8,-115.0
2025-03-02 12:58:17+00:00,21.8,-115.0
2025-03-02 12:58:37+00:00,21.8,-115.0
2025-03-02 12:58:57+00:00,21.8,-115.0
2025-03-02 12:59:17+00:00,21.8,-115.0
2025-03-02 12:59:40+00:00,21.8,-115.0
2025-03-02 13:00:00+00:00,21.8,-115.0
2025-03-02 13:00:20+00:00,21.8,-115.0
2025-03-02 13:00:40+00:00,21.8,-115.0
2025-03-02 13:01:04+00:00,21.8,-115.0
2025-03-02 13:01:23+00:00,21.8,-115.0
2025-03-02 13:01:44+00:00,21.8,-115.0
2025-03-02 13:02:04+00:00,21.8,-115.0
2025-03-02 13:02:25+00:00,21.8,-115.0
2025-03-02 13:02:45+00:00,21.8,-115.0
2025-03-02 13:03:05+00:00,21.8,-115.0
2025-03-02 13:03:28+00:00,21.8,-115.0
2025-03-02 13:03:50+00:00,21.8,-115.0
2025-03-02 13:04:10+00:00,21.8,-115.0
2025-03-02 13:04:30+00:00,21.8,-115.0
2025-03-02 13:04:50+00:00,21.8,-115.0
2025-03-02 13:05:10+00:00,21.8,-115.0
2025-03-02 13:05:30+00:00,21.8,-115.0
2025-03-02 13:05:50+00:00,21.8,-115.0
2025-03-02 13:06:14+00:00,21.8,-115.0
2025-03-02 13:06:33+00:00,21.8,-115.0
2025-03-02 13:06:53+00:00,21.8,-115.0
2025-03-02 13:07:15+00:00,21.8,-115.0
2025-03-02 13:07:35+00:00,21.8,-115.0
2025-03-02 13:07:55+00:00,21.8,-115.0
2025-03-02 13:08:15+00:00,21.8,-115.0
2025-03-02 13:08:40+00:00,21.8,-115.0
2025-03-02 13:09:00+00:00,21.8,-115.0
2025-03-02 13:09:20+00:00,21.8,-115.0
2025-03-02 13:09:40+00:00,21.8,-115.0
2025-03-02 13:10:00+00:00,21.8,-115.0
2025-03-02 13:10:25+00:00,21.8,-115.0
2025-03-02 13:10:45+00:00,21.8,-115.0
2025-03-02 13:11:05+00:00,21.8,-115.0
2025-03-02 13:11:25+00:00,21.8,-115.0
2025-03-02 13:11:47+00:00,21.8,-115.0
2025-03-02 13:12:07+00:00,21.8,-115.0
2025-03-02 13:12:30+00:00,21.8,-115.0
2025-03-02 13:12:50+00:00,21.8,-115.0
2025-03-02 13:13:10+00:00,21.8,-115.0
2025-03-02 13:13:30+00:00,21.8,-115.0
2025-03-02 13:13:50+00:00,21.8,-115.0
2025-03-02 13:14:10+00:00,21.8,-115.0
2025-03-02 13:14:30+00:00,21.8,-115.0
2025-03-02 13:14:50+00:00,21.8,-115.0
2025-03-02 13:15:10+00:00,21.8,-115.0
2025-03-02 13:15:33+00:00,21.8,-115.0
2025-03-02 13:15:53+00:00,21.8,-115.0
2025-03-02 13:16:15+00:00,21.8,-115.0
2025-03-02 13:16:35+00:00,21.8,-115.0
2025-03-02 13:16:56+00:00,21.8,-115.0
2025-03-02 13:17:16+00:00,21.8,-115.0
2025-03-02 13:17:36+00:00,21.8,-115.0
2025-03-02 13:17:57+00:00,21.8,-115.0
2025-03-02 13:18:17+00:00,21.8,-115.0
2025-03-02 13:18:36+00:00,21.8,-115.0
2025-03-02 13:19:00+00:00,21.8,-115.0
2025-03-02 13:19:23+00:00,21.8,-115.0
2025-03-02 13:19:44+00:00,21.8,-115.0
2025-03-02 13:20:03+00:00,21.8,-115.0
2025-03-02 13:20:25+00:00,21.8,-115.0
2025-03-02 13:20:45+00:00,21.8,-115.0
2025-03-02 13:21:05+00:00,21.8,-115.0
2025-03-02 13:21:25+00:00,21.8,-115.0
2025-03-02 13:21:45+00:00,21.8,-115.0
2025-03-02 13:22:07+00:00,21.8,-115.0
2025-03-02 13:22:30+00:00,21.8,-115.0
2025-03-02 13:22:50+00:00,21.8,-115.0
2025-03-02 13:23:10+00:00,21.8,-115.0
2025-03-02 13:23:30+00:00,21.8,-115.0
2025-03-02 13:23:50+00:00,21.8,-115.0
2025-03-02 13:24:10+00:00,21.8,-115.0
2025-03-02 13:24:30+00:00,21.8,-115.0
2025-03-02 13:24:50+00:00,21.8,-115.0
2025-03-02 13:25:10+00:00,21.8,-115.0
2025-03-02 13:25:33+00:00,21.8,-115.0
2025-03-02 13:25:53+00:00,21.8,-115.0
2025-03-02 13:26:14+00:00,21.8,-115.0
2025-03-02 13:26:35+00:00,21.8,-115.0
2025-03-02 13:26:55+00:00,21.8,-115.0
2025-03-02 13:27:15+00:00,21.8,-115.0
2025-03-02 13:27:35+00:00,21.8,-115.0
2025-03-02 13:27:55+00:00,21.8,-115.0
2025-03-02 13:28:15+00:00,21.8,-115.0
2025-03-02 13:28:37+00:00,21.8,-115.0
2025-03-02 13:28:57+00:00,21.8,-115.0
2025-03-02 13:29:18+00:00,21.8,-115.0
2025-03-02 13:29:38+00:00,21.8,-115.0
2025-03-02 13:29:58+00:00,21.8,-115.0
2025-03-02 13:30:20+00:00,21.8,-115.0
2025-03-02 13:30:38+00:00,21.8,-115.0
2025-03-02 13:31:00+00:00,21.8,-115.0
2025-03-02 13:31:20+00:00,21.8,-115.0
2025-03-02 13:31:40+00:00,21.8,-115.0
2025-03-02 13:32:00+00:00,21.8,-115.0
2025-03-02 13:32:20+00:00,21.8,-115.0
2025-03-02 13:32:45+00:00,21.8,-115.0
2025-03-02 13:33:10+00:00,21.8,-115.0
2025-03-02 13:33:34+00:00,21.8,-115.0
2025-03-02 13:33:54+00:00,21.8,-115.0
2025-03-02 13:34:15+00:00,21.8,-115.0
2025-03-02 13:34:35+00:00,21.8,-115.0
2025-03-02 13:34:55+00:00,21.8,-115.0
2025-03-02 13:35:15+00:00,21.8,-115.0
2025-03-02 13:35:40+00:00,21.8,-115.0
2025-03-02 13:36:00+00:00,21.8,-115.0
2025-03-02 13:36:20+00:00,21.8,-115.0
2025-03-02 13:36:40+00:00,21.8,-115.0
2025-03-02 13:37:00+00:00,21.8,-115.0
2025-03-02 13:37:20+00:00,21.8,-115.0
2025-03-02 13:37:40+00:00,21.8,-115.0
2025-03-02 13:38:00+00:00,21.8,-115.0
2025-03-02 13:38:24+00:00,21.8,-115.0
2025-03-02 13:38:47+00:00,21.8,-115.0
2025-03-02 13:39:07+00:00,21.8,-115.0
2025-03-02 13:39:27+00:00,21.7,-115.0
2025-03-02 13:39:50+00:00,21.7,-115.0
2025-03-02 13:40:10+00:00,21.7,-115.0
2025-03-02 13:40:33+00:00,21.7,-115.0
2025-03-02 13:40:53+00:00,21.7,-115.0
2025-03-02 13:41:14+00:00,21.7,-115.0
2025-03-02 13:41:34+00:00,21.7,-115.0
2025-03-02 13:41:55+00:00,21.7,-115.0
2025-03-02 13:42:15+00:00,21.7,-115.0
2025-03-02 13:42:36+00:00,21.7,-115.0
2025-03-02 13:42:55+00:00,21.7,-115.0
2025-03-02 13:43:15+00:00,21.7,-115.0
2025-03-02 13:43:38+00:00,21.7,-115.0
2025-03-02 13:44:00+00:00,21.7,-115.0
2025-03-02 13:44:20+00:00,21.7,-115.0
2025-03-02 13:44:40+00:00,21.7,-115.0
2025-03-02 13:45:04+00:00,21.7,-115.0
2025-03-02 13:45:24+00:00,21.7,-115.0
2025-03-02 13:45:44+00:00,21.7,-115.0
2025-03-02 13:46:05+00:00,21.7,-115.0
2025-03-02 13:46:25+00:00,21.7,-115.0
2025-03-02 13:46:45+00:00,21.7,-115.0
2025-03-02 16:58:27+00:00,25.9,28.4
2025-03-02 16:58:47+00:00,25.9,28.4
2025-03-02 16:59:07+00:00,-0.03,-0.0303
2025-03-02 16:59:27+00:00,-0.0307,-0.031
2025-03-02 16:59:47+00:00,-0.0314,-0.0317
2025-03-02 17:00:12+00:00,-0.0322,-0.0325
2025-03-02 17:00:35+00:00,-0.033,-0.0333
2025-03-02 17:00:55+00:00,-0.0336,-0.0339
2025-03-02 17:01:15+00:00,-0.0343,-0.0333
2025-03-02 17:01:37+00:00,-0.035,-0.0354
2025-03-02 17:01:57+00:00,-0.0357,-0.036
2025-03-02 17:02:17+00:00,-0.0364,-0.0367
2025-03-02 17:02:37+00:00,-0.0371,-0.0374
2025-03-02 17:02:56+00:00,-0.0377,-0.038
2025-03-02 17:03:16+00:00,-0.0383,-0.0387
2025-03-02 17:03:37+00:00,-0.039,-0.0394
2025-03-02 17:03:57+00:00,-0.0397,-0.0401
2025-03-02 17:04:17+00:00,-0.0404,-0.0407
2025-03-02 17:04:41+00:00,-0.0411,-0.0415
2025-03-02 17:04:56+00:00,-0.0417,-0.042
2025-03-02 17:05:21+00:00,-0.0424,-0.0428
2025-03-02 17:05:41+00:00,-0.0431,-0.0435
2025-03-02 17:05:56+00:00,-0.0437,-0.0441
2025-03-02 17:06:16+00:00,-0.0444,-0.0448
2025-03-02 17:07:05+00:00,-0.0459,-0.0463
2025-03-02 17:07:25+00:00,-0.0466,-0.047
2025-03-02 17:07:45+00:00,-0.0473,-0.0477
2025-03-02 17:08:06+00:00,-0.048,-0.0485
2025-03-02 17:08:16+00:00,-0.0484,-0.0488
2025-03-02 17:09:04+00:00,-0.0494,-0.0498
2025-03-02 17:09:37+00:00,-0.0504,-0.0509
2025-03-02 17:10:05+00:00,-0.0511,-0.0515
2025-03-02 17:10:18+00:00,-0.0517,-0.0522
2025-03-02 17:10:46+00:00,-0.0527,-0.0532
2025-03-02 17:11:23+00:00,-0.0538,-0.0542
2025-03-02 17:11:48+00:00,-0.0548,-0.0553
2025-03-02 17:12:08+00:00,-0.0551,-0.0556
2025-03-02 17:12:21+00:00,-0.0558,-0.0563
2025-03-02 17:12:49+00:00,-0.0568,-0.0573
2025-03-02 17:13:10+00:00,-0.0571,-0.0576
2025-03-02 17:13:30+00:00,-0.0581,-0.0587
2025-03-02 17:13:51+00:00,-0.0588,-0.0593
2025-03-02 17:14:11+00:00,-0.0595,-0.06
2025-03-02 17:14:28+00:00,-0.0601,-0.0607
2025-03-02 17:14:48+00:00,-0.0608,-0.0614
2025-03-02 17:15:13+00:00,-0.0615,-0.062
2025-03-02 17:15:29+00:00,-0.0622,-0.0627
2025-03-02 17:15:49+00:00,-0.0628,-0.0634
2025-03-02 17:16:14+00:00,-0.0635,-0.0641
2025-03-02 17:16:30+00:00,-0.0642,-0.0648
2025-03-02 17:16:51+00:00,-0.0648,-0.0654
2025-03-02 17:17:15+00:00,-0.0655,-0.0661
2025-03-02 17:17:32+00:00,-0.0662,-0.0668
2025-03-02 17:17:52+00:00,-0.0669,-0.0675
2025-03-02 17:18:13+00:00,-0.0675,-0.0682
2025-03-02 17:18:29+00:00,-0.0682,-0.0688
2025-03-02 17:18:50+00:00,-0.0689,-0.0695
2025-03-02 17:19:14+00:00,-0.0692,-0.0698
2025-03-02 17:19:31+00:00,-0.0702,-0.0709
2025-03-02 17:19:51+00:00,-0.0709,-0.0715
2025-03-02 17:20:20+00:00,-0.0719,-0.0726
2025-03-02 17:20:40+00:00,-0.0726,-0.0732
2025-03-02 17:20:53+00:00,-0.0729,-0.0736
2025-03-02 17:21:21+00:00,-0.0736,-0.0743
2025-03-02 17:21:25+00:00,-0.0739,-0.0746
2025-03-02 17:22:23+00:00,-0.0765,-0.0772
2025-03-02 17:22:43+00:00,-0.0771,-0.0778
2025-03-02 17:23:05+00:00,-0.0779,-0.0786
2025-03-02 17:23:25+00:00,-0.0345,90.0
2025-03-02 17:23:45+00:00,-0.0792,-0.08
2025-03-02 17:24:05+00:00,-0.0799,-0.0807
2025-03-02 17:24:25+00:00,-0.0355,90.0
2025-03-02 17:24:45+00:00,-0.0358,90.0
2025-03-02 17:25:05+00:00,-0.036,90.0
2025-03-02 17:25:25+00:00,-0.0825,-0.0833
2025-03-02 17:25:45+00:00,-0.0366,90.0
2025-03-02 17:26:05+00:00,-0.0369,90.0
2025-03-02 17:26:30+00:00,-0.0373,90.0
2025-03-02 17:26:50+00:00,-0.0376,90.0
2025-03-02 17:27:06+00:00,-0.0378,90.0
2025-03-02 17:27:30+00:00,-0.0382,90.0
2025-03-02 17:27:50+00:00,-0.0873,-0.0881
2025-03-02 17:28:05+00:00,-0.0879,-0.0887
2025-03-02 17:28:30+00:00,-0.0887,-0.0895
2025-03-02 17:28:53+00:00,-0.0394,90.0
2025-03-02 17:29:12+00:00,-0.0396,90.0
2025-03-02 17:29:33+00:00,-0.04,90.0
2025-03-02 17:29:53+00:00,-0.0915,-0.0923
2025-03-02 17:30:13+00:00,-0.0921,-0.093
2025-03-02 17:30:31+00:00,-0.0926,-0.0934
2025-03-02 17:30:51+00:00,-0.0932,-0.0941
2025-03-02 17:31:11+00:00,-0.0939,-0.0948
2025-03-02 17:31:31+00:00,-0.0945,-0.0954
2025-03-02 17:31:56+00:00,-0.0955,-0.0964
2025-03-02 17:32:16+00:00,-0.0424,89.9
2025-03-02 17:32:41+00:00,-0.0428,89.9
2025-03-02 17:33:03+00:00,-0.0432,89.9
2025-03-02 17:33:09+00:00,-0.0432,89.9
2025-03-03 03:32:51+00:00,86.6,-79.9
2025-03-03 03:33:02+00:00,86.6,-79.9
2025-03-03 03:37:37+00:00,0.665,179.0
2025-03-03 03:37:57+00:00,0.664,179.0
2025-03-03 03:38:17+00:00,0.663,179.0
2025-03-03 03:38:39+00:00,0.662,179.0
2025-03-03 03:38:59+00:00,0.66,179.0
2025-03-03 03:39:19+00:00,0.659,179.0
2025-03-03 03:39:39+00:00,0.658,179.0
2025-03-03 03:39:59+00:00,0.657,179.0
2025-03-03 03:40:19+00:00,0.656,179.0
2025-03-03 03:40:39+00:00,0.655,179.0
2025-03-03 03:40:59+00:00,0.654,179.0
2025-03-03 03:41:19+00:00,0.652,179.0
2025-03-03 03:41:39+00:00,0.651,179.0
2025-03-03 03:42:03+00:00,0.65,179.0
2025-03-03 03:42:23+00:00,0.649,179.0
2025-03-03 03:42:44+00:00,0.648,179.0
2025-03-03 03:43:04+00:00,0.647,179.0
2025-03-03 03:43:24+00:00,0.645,179.0
2025-03-03 03:43:44+00:00,0.644,179.0
2025-03-03 03:44:04+00:00,0.643,179.0
2025-03-03 03:44:24+00:00,0.642,179.0
2025-03-03 03:44:44+00:00,0.641,179.0
2025-03-03 03:45:07+00:00,0.64,179.0
2025-03-03 03:45:27+00:00,0.638,179.0
2025-03-03 03:45:47+00:00,0.637,179.0
2025-03-03 03:46:07+00:00,0.636,179.0
2025-03-03 03:46:27+00:00,0.635,179.0
2025-03-03 03:46:47+00:00,0.634,179.0
2025-03-03 03:47:07+00:00,0.633,179.0
2025-03-03 03:47:27+00:00,0.632,179.0
2025-03-03 03:47:49+00:00,0.63,179.0
2025-03-03 03:48:09+00:00,0.629,179.0
2025-03-03 03:48:29+00:00,0.628,179.0
2025-03-03 03:48:49+00:00,0.627,179.0
2025-03-03 03:49:09+00:00,0.626,179.0
2025-03-03 03:49:29+00:00,0.625,179.0
2025-03-03 03:49:49+00:00,0.624,179.0
2025-03-03 03:50:09+00:00,0.622,179.0
2025-03-03 03:50:33+00:00,0.621,179.0
2025-03-03 03:50:49+00:00,0.62,179.0
2025-03-03 03:51:13+00:00,0.619,179.0
2025-03-03 03:51:33+00:00,0.618,179.0
2025-03-03 03:51:54+00:00,0.616,179.0
2025-03-03 03:52:14+00:00,0.615,179.0
2025-03-03 03:52:34+00:00,0.614,179.0
2025-03-03 03:52:54+00:00,0.613,179.0
2025-03-03 03:53:14+00:00,0.612,179.0
2025-03-03 03:53:36+00:00,0.611,179.0
2025-03-03 03:53:56+00:00,0.609,179.0
2025-03-03 03:54:17+00:00,0.608,179.0
2025-03-03 03:54:37+00:00,0.607,179.0
2025-03-03 03:54:57+00:00,0.606,179.0
2025-03-03 03:55:17+00:00,0.605,179.0
2025-03-03 03:55:39+00:00,0.604,179.0
2025-03-03 03:55:59+00:00,0.602,179.0
2025-03-03 03:56:19+00:00,0.601,179.0
2025-03-03 03:56:39+00:00,0.6,179.0
2025-03-03 03:56:59+00:00,0.599,179.0
2025-03-03 03:57:19+00:00,0.598,179.0
2025-03-03 03:57:39+00:00,0.597,179.0
2025-03-03 03:58:03+00:00,0.596,179.0
2025-03-03 03:58:24+00:00,0.594,179.0
2025-03-03 03:58:44+00:00,0.593,179.0
2025-03-03 03:59:04+00:00,0.592,179.0
2025-03-03 03:59:24+00:00,0.591,179.0
2025-03-03 03:59:44+00:00,0.59,179.0
2025-03-03 04:00:06+00:00,0.589,179.0
2025-03-03 04:00:27+00:00,0.587,179.0
2025-03-03 04:00:47+00:00,0.586,179.0
2025-03-03 04:01:07+00:00,0.585,179.0
2025-03-03 04:01:27+00:00,0.584,179.0
2025-03-03 04:01:47+00:00,0.583,179.0
2025-03-03 04:02:07+00:00,0.582,179.0
2025-03-03 04:02:27+00:00,0.58,179.0
2025-03-03 04:02:49+00:00,0.579,179.0
2025-03-03 04:03:09+00:00,0.578,179.0
2025-03-03 04:03:29+00:00,0.577,179.0
2025-03-03 04:03:49+00:00,0.576,179.0
2025-03-03 04:04:09+00:00,0.575,179.0
2025-03-03 04:04:29+00:00,0.574,179.0
2025-03-03 04:04:49+00:00,0.572,179.0
2025-03-03 04:05:09+00:00,0.571,179.0
2025-03-03 04:05:29+00:00,0.57,179.0
2025-03-03 04:05:49+00:00,0.569,179.0
2025-03-03 04:06:13+00:00,0.568,179.0
2025-03-03 04:06:33+00:00,0.567,179.0
2025-03-03 04:06:54+00:00,0.565,179.0
2025-03-03 04:07:14+00:00,0.564,179.0
2025-03-03 04:07:34+00:00,0.563,179.0
2025-03-03 04:07:54+00:00,0.562,179.0
2025-03-03 04:08:15+00:00,0.561,179.0
2025-03-03 04:08:36+00:00,0.56,179.0
2025-03-03 04:08:56+00:00,0.558,179.0
2025-03-03 04:09:15+00:00,0.557,179.0
2025-03-03 04:09:35+00:00,0.556,179.0
2025-03-03 04:09:56+00:00,0.555,179.0
2025-03-03 04:10:18+00:00,0.554,179.0
2025-03-03 04:10:39+00:00,0.553,179.0
2025-03-03 04:10:59+00:00,0.551,179.0
2025-03-03 04:11:19+00:00,0.55,179.0
2025-03-03 04:11:40+00:00,0.549,179.0
2025-03-03 04:12:00+00:00,0.548,179.0
2025-03-03 04:12:21+00:00,0.547,179.0
2025-03-03 04:12:40+00:00,0.546,179.0
2025-03-03 04:13:00+00:00,0.545,179.0
2025-03-03 04:13:20+00:00,0.543,179.0
2025-03-03 04:13:41+00:00,0.542,179.0
2025-03-03 04:14:00+00:00,0.541,179.0
2025-03-03 04:14:20+00:00,0.54,179.0
2025-03-03 04:14:44+00:00,0.539,179.0
2025-03-03 04:15:04+00:00,0.538,179.0
2025-03-03 04:15:24+00:00,0.536,179.0
2025-03-03 04:15:44+00:00,0.535,179.0
2025-03-03 04:16:04+00:00,0.534,179.0
2025-03-03 04:16:25+00:00,0.533,179.0
2025-03-03 04:16:45+00:00,0.532,179.0
2025-03-03 04:17:06+00:00,0.531,179.0
2025-03-03 04:17:25+00:00,0.529,179.0
2025-03-03 04:17:48+00:00,0.528,179.0
2025-03-03 04:18:08+00:00,0.527,179.0
2025-03-03 04:18:28+00:00,0.526,179.0
2025-03-03 04:18:48+00:00,0.525,179.0
2025-03-03 04:19:08+00:00,0.524,179.0
2025-03-03 04:19:28+00:00,0.523,179.0
2025-03-03 04:19:48+00:00,0.521,179.0
2025-03-03 04:20:10+00:00,0.52,179.0
2025-03-03 04:20:31+00:00,0.519,179.0
2025-03-03 04:20:50+00:00,0.518,179.0
2025-03-03 04:21:11+00:00,0.517,179.0
2025-03-03 04:21:31+00:00,0.516,179.0
2025-03-03 04:21:54+00:00,0.514,179.0
2025-03-03 04:22:14+00:00,0.513,179.0
2025-03-03 04:22:34+00:00,0.512,179.0
2025-03-03 04:22:55+00:00,0.511,179.0
2025-03-03 04:23:15+00:00,0.51,179.0
2025-03-03 04:23:36+00:00,0.508,179.0
2025-03-03 04:23:55+00:00,0.507,179.0
2025-03-03 04:24:18+00:00,0.506,179.0
2025-03-03 04:24:38+00:00,0.505,179.0
2025-03-03 04:24:58+00:00,0.504,179.0
2025-03-03 04:25:18+00:00,0.503,179.0
2025-03-03 04:25:40+00:00,0.501,179.0
2025-03-03 04:26:01+00:00,0.5,179.0
2025-03-03 04:26:22+00:00,0.499,179.0
2025-03-03 04:26:42+00:00,0.498,179.0
2025-03-03 04:27:01+00:00,0.497,179.0
2025-03-03 04:27:24+00:00,0.495,179.0
2025-03-03 04:27:44+00:00,0.494,179.0
2025-03-03 04:28:06+00:00,0.493,179.0
2025-03-03 04:28:25+00:00,0.492,179.0
2025-03-03 04:28:46+00:00,0.491,179.0
2025-03-03 04:29:08+00:00,0.489,179.0
2025-03-03 04:29:28+00:00,0.488,179.0
2025-03-03 04:29:48+00:00,0.487,179.0
2025-03-03 04:30:08+00:00,0.486,179.0
2025-03-03 04:30:31+00:00,0.485,179.0
2025-03-03 04:30:50+00:00,0.484,179.0
2025-03-03 04:31:11+00:00,0.483,179.0
2025-03-03 04:31:31+00:00,0.481,179.0
2025-03-03 04:31:50+00:00,0.48,179.0
2025-03-03 04:32:10+00:00,0.479,179.0
2025-03-03 04:32:31+00:00,0.478,179.0
2025-03-03 04:32:54+00:00,0.477,179.0
2025-03-03 04:33:15+00:00,0.475,179.0
2025-03-03 04:33:35+00:00,0.474,179.0
2025-03-03 04:33:58+00:00,0.473,179.0
2025-03-03 04:34:18+00:00,0.472,179.0
2025-03-03 04:34:38+00:00,0.471,179.0
2025-03-03 04:35:01+00:00,0.469,179.0
2025-03-03 04:35:23+00:00,0.468,179.0
2025-03-03 04:35:44+00:00,0.467,179.0
2025-03-03 04:36:05+00:00,0.466,179.0
2025-03-03 04:36:25+00:00,0.465,179.0
2025-03-03 04:36:46+00:00,0.464,179.0
2025-03-03 04:37:05+00:00,0.462,179.0
2025-03-03 04:37:28+00:00,0.461,179.0
2025-03-03 04:37:48+00:00,0.46,179.0
2025-03-03 04:38:10+00:00,0.459,179.0
2025-03-03 04:38:31+00:00,0.458,179.0
2025-03-03 04:38:50+00:00,0.456,179.0
2025-03-03 04:39:14+00:00,0.455,179.0
2025-03-03 04:39:35+00:00,0.454,179.0
2025-03-03 04:39:54+00:00,0.453,179.0
2025-03-03 04:40:16+00:00,0.452,179.0
2025-03-03 04:40:35+00:00,0.45,179.0
2025-03-03 04:40:55+00:00,0.449,179.0
2025-03-03 04:41:15+00:00,0.448,179.0
2025-03-03 04:41:36+00:00,0.447,179.0
2025-03-03 04:41:58+00:00,0.446,179.0
2025-03-03 04:42:18+00:00,0.445,179.0
2025-03-03 04:42:38+00:00,0.444,179.0
2025-03-03 04:43:00+00:00,0.442,179.0
2025-03-03 04:43:20+00:00,0.441,179.0
2025-03-03 04:43:44+00:00,0.44,179.0
2025-03-03 04:44:04+00:00,0.439,179.0
2025-03-03 04:44:24+00:00,0.437,179.0
2025-03-03 04:44:45+00:00,0.436,179.0
2025-03-03 04:45:08+00:00,0.435,179.0
2025-03-03 04:45:28+00:00,0.434,179.0
2025-03-03 04:45:48+00:00,0.433,179.0
2025-03-03 04:46:08+00:00,0.431,179.0
2025-03-03 04:46:31+00:00,0.43,179.0
2025-03-03 04:46:50+00:00,0.429,179.0
2025-03-03 04:47:10+00:00,0.428,179.0
2025-03-03 04:47:31+00:00,0.427,179.0
2025-03-03 04:47:50+00:00,0.426,179.0
2025-03-03 04:48:11+00:00,0.425,179.0
2025-03-03 04:48:30+00:00,0.423,179.0
2025-03-03 04:48:54+00:00,0.422,179.0
2025-03-03 04:49:15+00:00,0.421,179.0
2025-03-03 04:49:35+00:00,0.42,179.0
2025-03-03 04:49:56+00:00,0.419,179.0
2025-03-03 04:50:18+00:00,0.417,179.0
2025-03-03 04:50:38+00:00,0.416,179.0
2025-03-03 04:51:00+00:00,0.415,179.0
2025-03-03 04:51:21+00:00,0.414,179.0
2025-03-03 04:51:41+00:00,0.413,179.0
2025-03-03 04:52:00+00:00,0.411,179.0
2025-03-03 04:52:24+00:00,0.41,179.0
2025-03-03 04:52:44+00:00,0.409,179.0
2025-03-03 04:53:05+00:00,0.408,179.0
2025-03-03 04:53:25+00:00,0.407,179.0
2025-03-03 04:53:46+00:00,0.406,179.0
2025-03-03 04:54:06+00:00,0.404,179.0
2025-03-03 04:54:26+00:00,0.403,179.0
2025-03-03 04:54:46+00:00,0.402,179.0
2025-03-03 04:55:06+00:00,0.401,179.0
2025-03-03 04:55:28+00:00,0.4,179.0
2025-03-03 04:55:48+00:00,0.399,179.0
2025-03-03 04:56:08+00:00,0.397,179.0
2025-03-03 04:56:28+00:00,0.396,179.0
2025-03-03 04:56:50+00:00,0.395,179.0
2025-03-03 04:57:10+00:00,0.394,179.0
2025-03-03 04:57:30+00:00,0.393,179.0
2025-03-03 04:57:54+00:00,0.391,179.0
2025-03-03 04:58:14+00:00,0.39,179.0
2025-03-03 04:58:35+00:00,0.389,179.0
2025-03-03 04:58:56+00:00,0.388,179.0
2025-03-03 04:59:15+00:00,0.387,179.0
2025-03-03 04:59:36+00:00,0.386,179.0
2025-03-03 04:59:55+00:00,0.385,179.0
2025-03-03 05:00:18+00:00,0.383,179.0
2025-03-03 05:00:38+00:00,0.382,179.0
2025-03-03 05:01:00+00:00,0.381,179.0
2025-03-03 05:01:21+00:00,0.38,179.0
2025-03-03 05:01:40+00:00,0.379,179.0
2025-03-03 05:02:01+00:00,0.377,179.0
2025-03-03 05:02:21+00:00,0.376,179.0
2025-03-03 05:02:44+00:00,0.375,179.0
2025-03-03 05:03:08+00:00,0.374,179.0
2025-03-03 05:03:28+00:00,0.372,179.0
2025-03-03 05:03:50+00:00,0.371,179.0
2025-03-03 05:04:11+00:00,0.37,179.0
2025-03-03 05:04:31+00:00,0.369,179.0
2025-03-03 05:04:50+00:00,0.368,179.0
2025-03-03 05:05:11+00:00,0.367,179.0
2025-03-03 05:05:31+00:00,0.365,179.0
2025-03-03 05:05:54+00:00,0.364,179.0
2025-03-03 05:06:15+00:00,0.363,179.0
2025-03-03 05:06:36+00:00,0.362,179.0
2025-03-03 05:06:55+00:00,0.361,179.0
2025-03-03 05:07:18+00:00,0.359,179.0
2025-03-03 05:07:38+00:00,0.358,179.0
2025-03-03 05:07:58+00:00,0.357,179.0
2025-03-03 05:08:20+00:00,0.356,179.0
2025-03-03 05:08:40+00:00,0.355,179.0
2025-03-03 05:09:01+00:00,0.354,179.0
2025-03-03 05:09:20+00:00,0.352,179.0
2025-03-03 05:09:40+00:00,0.351,179.0
2025-03-03 05:10:00+00:00,0.35,179.0
2025-03-03 05:10:24+00:00,0.349,179.0
2025-03-03 05:10:46+00:00,0.348,179.0
2025-03-03 05:11:06+00:00,0.346,179.0
2025-03-03 05:11:29+00:00,0.345,179.0
2025-03-03 05:11:48+00:00,0.344,179.0
2025-03-03 05:12:10+00:00,0.343,179.0
2025-03-03 05:12:31+00:00,0.342,179.0
2025-03-03 05:12:54+00:00,0.34,179.0
2025-03-03 05:13:14+00:00,0.339,179.0
2025-03-03 05:13:36+00:00,0.338,179.0
2025-03-03 05:13:58+00:00,0.337,179.0
2025-03-03 05:14:18+00:00,0.336,179.0
2025-03-03 05:14:38+00:00,0.334,179.0
2025-03-03 05:14:58+00:00,0.333,179.0
2025-03-03 05:15:18+00:00,0.332,179.0
2025-03-03 05:15:38+00:00,0.331,179.0
2025-03-03 05:16:00+00:00,0.33,179.0
2025-03-03 05:16:20+00:00,0.329,179.0
2025-03-03 05:16:41+00:00,0.327,179.0
2025-03-03 05:17:01+00:00,0.326,179.0
2025-03-03 05:17:20+00:00,0.325,179.0
2025-03-03 05:17:40+00:00,0.324,179.0
2025-03-03 05:18:01+00:00,0.323,179.0
2025-03-03 05:18:24+00:00,0.321,179.0
2025-03-03 05:18:45+00:00,0.32,179.0
2025-03-03 05:19:06+00:00,0.319,179.0
2025-03-03 05:19:28+00:00,0.318,179.0
2025-03-03 05:19:49+00:00,0.317,179.0
2025-03-03 05:20:10+00:00,0.315,179.0
2025-03-03 05:20:31+00:00,0.314,179.0
2025-03-03 05:20:50+00:00,0.313,179.0
2025-03-03 05:21:14+00:00,0.312,179.0
2025-03-03 05:21:34+00:00,0.311,179.0
2025-03-03 05:21:55+00:00,0.309,179.0
2025-03-03 05:22:16+00:00,0.308,179.0
2025-03-03 05:22:35+00:00,0.307,179.0
2025-03-03 05:22:56+00:00,0.306,179.0
2025-03-03 05:23:18+00:00,0.305,179.0
2025-03-03 05:23:38+00:00,0.304,179.0
2025-03-03 05:23:58+00:00,0.303,179.0
2025-03-03 05:24:18+00:00,0.301,179.0
2025-03-03 05:24:38+00:00,0.3,179.0
2025-03-03 05:25:01+00:00,0.299,179.0
2025-03-03 05:25:20+00:00,0.298,179.0
2025-03-03 05:25:41+00:00,0.297,179.0
2025-03-03 05:26:01+00:00,0.296,180.0
2025-03-03 05:26:20+00:00,0.294,180.0
2025-03-03 05:26:41+00:00,0.293,180.0
2025-03-03 05:27:01+00:00,0.292,180.0
2025-03-03 05:27:24+00:00,0.291,180.0
2025-03-03 05:27:44+00:00,0.29,180.0
2025-03-03 05:28:04+00:00,0.289,180.0
2025-03-03 05:28:26+00:00,0.287,180.0
2025-03-03 05:28:45+00:00,0.286,180.0
2025-03-03 05:29:06+00:00,0.285,180.0
2025-03-03 05:29:26+00:00,0.284,180.0
2025-03-03 05:29:45+00:00,0.283,180.0
2025-03-03 05:30:08+00:00,0.281,180.0
2025-03-03 05:30:28+00:00,0.28,180.0
2025-03-03 05:30:48+00:00,0.279,180.0
2025-03-03 05:31:11+00:00,0.278,180.0
2025-03-03 05:31:31+00:00,0.277,180.0
2025-03-03 05:31:51+00:00,0.276,180.0
2025-03-03 05:32:14+00:00,0.274,180.0
2025-03-03 05:32:35+00:00,0.273,180.0
2025-03-03 05:32:56+00:00,0.272,180.0
2025-03-03 05:33:15+00:00,0.271,180.0
2025-03-03 05:33:35+00:00,0.27,180.0
2025-03-03 05:33:56+00:00,0.269,180.0
2025-03-03 05:34:15+00:00,0.267,180.0
2025-03-03 05:34:38+00:00,0.266,180.0
2025-03-03 05:35:00+00:00,0.265,180.0
2025-03-03 05:35:21+00:00,0.264,180.0
2025-03-03 05:35:41+00:00,0.263,180.0
2025-03-03 05:36:00+00:00,0.261,180.0
2025-03-03 05:36:24+00:00,0.26,180.0
2025-03-03 05:36:46+00:00,0.259,180.0
2025-03-03 05:37:06+00:00,0.258,180.0
2025-03-03 05:37:26+00:00,0.257,180.0
2025-03-03 05:37:46+00:00,0.256,180.0
2025-03-03 05:38:06+00:00,0.254,180.0
2025-03-03 05:38:26+00:00,0.253,180.0
2025-03-03 05:38:50+00:00,0.252,180.0
2025-03-03 05:39:10+00:00,0.251,180.0
2025-03-03 05:39:31+00:00,0.249,180.0
2025-03-03 05:39:51+00:00,0.248,180.0
2025-03-03 05:40:13+00:00,0.247,180.0
2025-03-03 05:40:33+00:00,0.246,180.0
2025-03-03 05:40:53+00:00,0.245,180.0
2025-03-03 05:41:13+00:00,0.244,180.0
2025-03-03 05:41:35+00:00,0.243,180.0
2025-03-03 05:41:54+00:00,0.241,180.0
2025-03-03 05:42:15+00:00,0.24,180.0
2025-03-03 05:42:35+00:00,0.239,180.0
2025-03-03 05:42:56+00:00,0.238,180.0
2025-03-03 05:43:15+00:00,0.237,180.0
2025-03-03 05:43:36+00:00,0.236,180.0
2025-03-03 05:43:55+00:00,0.234,180.0
2025-03-03 05:44:18+00:00,0.233,180.0
2025-03-03 05:44:38+00:00,0.232,180.0
2025-03-03 05:44:58+00:00,0.231,180.0
2025-03-03 05:45:18+00:00,0.23,180.0
2025-03-03 05:45:40+00:00,0.228,180.0
2025-03-03 05:46:00+00:00,0.227,180.0
2025-03-03 05:46:21+00:00,0.226,180.0
2025-03-03 05:46:40+00:00,0.225,180.0
2025-03-03 05:47:04+00:00,0.224,180.0
2025-03-03 05:47:24+00:00,0.223,180.0
2025-03-03 05:47:46+00:00,0.221,180.0
2025-03-03 05:48:06+00:00,0.22,180.0
2025-03-03 05:48:28+00:00,0.219,180.0
2025-03-03 05:48:48+00:00,0.218,180.0
2025-03-03 05:49:11+00:00,0.217,180.0
2025-03-03 05:49:31+00:00,0.215,180.0
2025-03-03 05:49:51+00:00,0.214,180.0
2025-03-03 05:50:10+00:00,0.213,180.0
2025-03-03 05:50:31+00:00,0.212,180.0
2025-03-03 05:50:54+00:00,0.211,180.0
2025-03-03 05:51:15+00:00,0.209,180.0
2025-03-03 05:51:36+00:00,0.208,180.0
2025-03-03 05:51:58+00:00,0.207,180.0
2025-03-03 05:52:21+00:00,0.206,180.0
2025-03-03 05:52:44+00:00,0.205,180.0
2025-03-03 05:53:06+00:00,0.203,180.0
2025-03-03 05:53:26+00:00,0.202,180.0
2025-03-03 05:53:45+00:00,0.201,180.0
2025-03-03 05:54:06+00:00,0.2,180.0
2025-03-03 05:54:26+00:00,0.199,180.0
2025-03-03 05:54:45+00:00,0.198,180.0
2025-03-03 05:55:05+00:00,0.196,180.0
2025-03-03 05:55:28+00:00,0.195,180.0
2025-03-03 05:55:48+00:00,0.194,180.0
2025-03-03 05:56:10+00:00,0.193,180.0
2025-03-03 05:56:31+00:00,0.191,180.0
2025-03-03 05:56:51+00:00,0.19,180.0
2025-03-03 05:57:10+00:00,0.189,180.0
2025-03-03 05:57:31+00:00,0.188,180.0
2025-03-03 05:57:50+00:00,0.187,180.0
2025-03-03 05:58:11+00:00,0.186,180.0
2025-03-03 05:58:31+00:00,0.185,180.0
2025-03-03 05:58:54+00:00,0.184,180.0
2025-03-03 05:59:16+00:00,0.182,180.0
2025-03-03 05:59:35+00:00,0.181,180.0
2025-03-03 05:59:56+00:00,0.18,180.0
2025-03-03 06:00:16+00:00,0.179,180.0
2025-03-03 06:00:36+00:00,0.178,180.0
2025-03-03 06:00:58+00:00,0.176,180.0
2025-03-03 06:01:18+00:00,0.175,180.0
2025-03-03 06:01:38+00:00,0.174,180.0
2025-03-03 06:02:01+00:00,0.173,180.0
2025-03-03 06:02:21+00:00,0.172,180.0
2025-03-03 06:02:40+00:00,0.17,180.0
2025-03-03 06:03:01+00:00,0.169,180.0
2025-03-03 06:03:24+00:00,0.168,180.0
2025-03-03 06:03:44+00:00,0.167,180.0
2025-03-03 06:04:05+00:00,0.166,180.0
2025-03-03 06:04:24+00:00,0.165,180.0
2025-03-03 06:04:46+00:00,0.163,180.0
2025-03-03 06:05:05+00:00,0.162,180.0
2025-03-03 06:05:28+00:00,0.161,180.0
2025-03-03 06:05:48+00:00,0.16,180.0
2025-03-03 06:06:08+00:00,0.159,180.0
2025-03-03 06:06:28+00:00,0.158,180.0
2025-03-03 06:06:48+00:00,0.156,180.0
2025-03-03 06:07:11+00:00,0.155,180.0
2025-03-03 06:07:31+00:00,0.154,180.0
2025-03-03 06:07:51+00:00,0.153,180.0
2025-03-03 06:08:11+00:00,0.152,180.0
2025-03-03 06:08:31+00:00,0.151,180.0
2025-03-03 06:08:51+00:00,0.149,180.0
2025-03-03 06:09:11+00:00,0.148,180.0
2025-03-03 06:09:35+00:00,0.147,180.0
2025-03-03 06:09:54+00:00,0.146,180.0
2025-03-03 06:10:16+00:00,0.145,180.0
2025-03-03 06:10:35+00:00,0.144,180.0
2025-03-03 06:10:58+00:00,0.142,180.0
2025-03-03 06:11:21+00:00,0.141,180.0
2025-03-03 06:11:40+00:00,0.14,180.0
2025-03-03 06:12:00+00:00,0.139,180.0
2025-03-03 06:12:26+00:00,0.137,180.0
2025-03-03 06:12:46+00:00,0.136,180.0
2025-03-03 06:13:08+00:00,0.135,180.0
2025-03-03 06:13:28+00:00,0.134,180.0
2025-03-03 06:13:50+00:00,0.132,180.0
2025-03-03 06:14:11+00:00,0.131,180.0
2025-03-03 06:14:30+00:00,0.13,180.0
2025-03-03 06:14:51+00:00,0.129,180.0
2025-03-03 06:15:11+00:00,0.128,180.0
2025-03-03 06:15:35+00:00,0.127,180.0
2025-03-03 06:15:54+00:00,0.126,180.0
2025-03-03 06:16:15+00:00,0.124,180.0
2025-03-03 06:16:36+00:00,0.123,180.0
2025-03-03 06:16:56+00:00,0.122,180.0
2025-03-03 06:17:16+00:00,0.121,180.0
2025-03-03 06:17:38+00:00,0.119,180.0
2025-03-03 06:17:58+00:00,0.118,180.0
2025-03-03 06:18:18+00:00,0.117,180.0
2025-03-03 06:18:38+00:00,0.116,180.0
2025-03-03 06:19:00+00:00,0.115,180.0
2025-03-03 06:19:21+00:00,0.114,180.0
2025-03-03 06:19:41+00:00,0.112,180.0
2025-03-03 06:20:01+00:00,0.111,180.0
2025-03-03 06:20:24+00:00,0.11,180.0
2025-03-03 06:20:44+00:00,0.109,180.0
2025-03-03 06:21:06+00:00,0.108,180.0
2025-03-03 06:21:26+00:00,0.107,180.0
2025-03-03 06:21:46+00:00,0.105,180.0
2025-03-03 06:22:08+00:00,0.104,180.0
2025-03-03 06:22:31+00:00,0.103,180.0
2025-03-03 06:22:51+00:00,0.102,180.0
2025-03-03 06:23:11+00:00,0.101,180.0
2025-03-03 06:23:31+00:00,0.0994,180.0
2025-03-03 06:23:51+00:00,0.0983,180.0
2025-03-03 06:24:14+00:00,0.097,180.0
2025-03-03 06:24:35+00:00,0.0958,180.0
2025-03-03 06:24:56+00:00,0.0947,-180.0
2025-03-03 06:25:15+00:00,0.0935,-180.0
2025-03-03 06:25:35+00:00,0.0923,-180.0
2025-03-03 06:25:56+00:00,0.0912,-180.0
2025-03-03 06:26:16+00:00,0.09,-180.0
2025-03-03 06:26:36+00:00,0.089,-180.0
2025-03-03 06:26:58+00:00,0.0877,-180.0
2025-03-03 06:27:18+00:00,0.0865,-180.0
2025-03-03 06:27:38+00:00,0.0854,-180.0
2025-03-03 06:28:00+00:00,0.0841,-180.0
2025-03-03 06:28:21+00:00,0.0829,-180.0
2025-03-03 06:28:44+00:00,0.0818,-180.0
2025-03-03 06:29:01+00:00,0.0807,-180.0
2025-03-03 06:29:25+00:00,0.0793,-180.0
2025-03-03 06:29:46+00:00,0.0781,-180.0
2025-03-03 06:30:06+00:00,0.077,-180.0
2025-03-03 06:30:25+00:00,0.0758,-180.0
2025-03-03 06:30:48+00:00,0.0747,-180.0
2025-03-03 06:31:08+00:00,0.0735,-180.0
2025-03-03 06:31:31+00:00,0.0722,-180.0
2025-03-03 06:31:51+00:00,0.071,-180.0
2025-03-03 06:32:11+00:00,0.0699,-180.0
2025-03-03 06:32:31+00:00,0.0687,-180.0
2025-03-03 06:32:54+00:00,0.0676,-180.0
2025-03-03 06:33:15+00:00,0.0663,-180.0
2025-03-03 06:33:36+00:00,0.0651,-180.0
2025-03-03 06:33:56+00:00,0.0639,-180.0
2025-03-03 06:34:18+00:00,0.0626,-180.0
2025-03-03 06:34:38+00:00,0.0615,-180.0
2025-03-03 06:35:01+00:00,0.0603,-180.0
2025-03-03 06:35:21+00:00,0.0592,-180.0
2025-03-03 06:35:41+00:00,0.058,-180.0
2025-03-03 06:36:01+00:00,0.0568,-180.0
2025-03-03 06:36:24+00:00,0.0555,-180.0
2025-03-03 06:36:45+00:00,0.0542,-180.0
2025-03-03 06:37:10+00:00,0.0529,-180.0
2025-03-03 06:37:31+00:00,0.0518,-180.0
2025-03-03 06:37:50+00:00,0.0506,-180.0
2025-03-03 06:38:10+00:00,0.0494,-180.0
2025-03-03 06:38:31+00:00,0.0483,-180.0
2025-03-03 06:38:55+00:00,0.0468,-180.0
2025-03-03 06:39:16+00:00,0.0458,-180.0
2025-03-03 06:39:38+00:00,0.0445,-180.0
2025-03-03 06:39:58+00:00,0.0434,-180.0
2025-03-03 06:40:18+00:00,0.0422,-180.0
2025-03-03 06:40:40+00:00,0.0409,-180.0
2025-03-03 06:40:58+00:00,0.0399,-180.0
2025-03-03 06:41:21+00:00,0.0387,-180.0
2025-03-03 06:41:42+00:00,0.0376,-180.0
2025-03-03 06:42:02+00:00,0.0364,-180.0
2025-03-03 06:42:22+00:00,0.0352,-180.0
2025-03-03 06:42:42+00:00,0.0341,-180.0
2025-03-03 06:43:02+00:00,0.0329,-180.0
2025-03-03 06:43:24+00:00,0.0316,-180.0
2025-03-03 06:43:44+00:00,0.0306,-180.0
2025-03-03 06:44:05+00:00,0.0294,-180.0
2025-03-03 06:44:24+00:00,0.0283,-180.0
2025-03-03 06:44:46+00:00,0.027,-180.0
2025-03-03 06:45:06+00:00,0.0258,-180.0
2025-03-03 06:45:26+00:00,0.0247,-180.0
2025-03-03 06:45:45+00:00,0.0236,-180.0
2025-03-03 06:46:08+00:00,0.0223,-180.0
2025-03-03 06:46:28+00:00,0.0212,-180.0
2025-03-03 06:46:48+00:00,0.02,-180.0
2025-03-03 06:47:10+00:00,0.0187,-180.0
2025-03-03 06:47:31+00:00,0.0176,-180.0
2025-03-03 06:47:51+00:00,0.0165,-180.0
2025-03-03 06:48:14+00:00,0.0152,-180.0
2025-03-03 06:48:31+00:00,0.0142,-180.0
2025-03-03 06:48:54+00:00,0.0129,-180.0
2025-03-03 06:49:15+00:00,0.0116,-180.0
2025-03-03 06:49:35+00:00,0.0105,-180.0
2025-03-03 06:49:58+00:00,0.00929,-180.0
2025-03-03 06:50:18+00:00,0.00813,-180.0
2025-03-03 06:50:38+00:00,0.00697,-180.0
2025-03-03 06:50:58+00:00,0.00581,-180.0
2025-03-03 06:51:20+00:00,0.00451,-180.0
2025-03-03 06:51:41+00:00,0.00335,-180.0
2025-03-03 06:52:01+00:00,0.00233,-180.0
2025-03-03 06:52:21+00:00,0.00118,-180.0
2025-03-03 06:52:45+00:00,-0.000274,-180.0
2025-03-03 06:53:06+00:00,-0.00143,-180.0
2025-03-03 06:53:26+00:00,-0.00259,-180.0
2025-03-03 06:53:48+00:00,-0.0039,-180.0
2025-03-03 06:54:08+00:00,-0.00491,-180.0
2025-03-03 06:54:31+00:00,-0.00622,-180.0
2025-03-03 06:54:51+00:00,-0.00738,-180.0
2025-03-03 06:54:56+00:00,-0.00766,-180.0
2025-03-03 06:55:54+00:00,-0.011,-180.0
2025-03-03 06:56:14+00:00,-0.012,-180.0
2025-03-03 06:56:36+00:00,-0.0133,-180.0
2025-03-03 06:56:56+00:00,-0.0145,-180.0
2025-03-03 06:57:18+00:00,-0.0158,-180.0
2025-03-03 06:57:38+00:00,-0.0169,-180.0
2025-03-03 06:58:01+00:00,-0.0182,-180.0
2025-03-03 06:58:24+00:00,-0.0194,-180.0
2025-03-03 06:58:46+00:00,-0.0207,-180.0
2025-03-03 06:59:06+00:00,-0.0219,-180.0
2025-03-03 06:59:28+00:00,-0.0232,-180.0
2025-03-03 06:59:48+00:00,-0.0243,-180.0
2025-03-03 07:00:08+00:00,-0.0255,-180.0
2025-03-03 07:00:28+00:00,-0.0265,-180.0
2025-03-03 07:00:50+00:00,-0.0278,-180.0
2025-03-03 07:01:11+00:00,-0.029,-180.0
2025-03-03 07:01:30+00:00,-0.0301,-180.0
2025-03-03 07:01:50+00:00,-0.0313,-180.0
2025-03-03 07:02:14+00:00,-0.0326,-180.0
2025-03-03 07:02:36+00:00,-0.0338,-180.0
2025-03-03 07:02:56+00:00,-0.0349,-180.0
2025-03-03 07:03:18+00:00,-0.0362,-180.0
2025-03-03 07:03:38+00:00,-0.0374,-180.0
2025-03-03 07:03:58+00:00,-0.0385,-180.0
2025-03-03 07:04:18+00:00,-0.0397,-180.0
2025-03-03 07:04:41+00:00,-0.041,-180.0
2025-03-03 07:05:01+00:00,-0.042,-180.0
2025-03-03 07:05:21+00:00,-0.0432,-180.0
2025-03-03 07:05:41+00:00,-0.0443,-180.0
2025-03-03 07:06:05+00:00,-0.0456,-180.0
2025-03-03 07:06:24+00:00,-0.0468,-180.0
2025-03-03 07:06:46+00:00,-0.0481,-180.0
2025-03-03 07:07:06+00:00,-0.0491,-180.0
2025-03-03 07:07:28+00:00,-0.0504,-180.0
2025-03-03 07:07:48+00:00,-0.0516,-180.0
2025-03-03 07:08:08+00:00,-0.0527,-180.0
2025-03-03 07:08:28+00:00,-0.0539,-180.0
2025-03-03 07:08:51+00:00,-0.0552,-180.0
2025-03-03 07:09:11+00:00,-0.0562,-180.0
2025-03-03 07:09:30+00:00,-0.0574,-180.0
2025-03-03 07:09:51+00:00,-0.0585,-180.0
2025-03-03 07:10:16+00:00,-0.06,-180.0
2025-03-03 07:10:38+00:00,-0.0613,-180.0
2025-03-03 07:10:58+00:00,-0.0625,-180.0
2025-03-03 07:11:18+00:00,-0.0635,-180.0
2025-03-03 07:11:38+00:00,-0.0646,-180.0
2025-03-03 07:12:00+00:00,-0.0659,-180.0
2025-03-03 07:12:21+00:00,-0.0671,-180.0
2025-03-03 07:12:41+00:00,-0.0683,-180.0
2025-03-03 07:13:10+00:00,-0.07,-180.0
2025-03-03 07:13:31+00:00,-0.071,-180.0
2025-03-03 07:13:51+00:00,-0.0722,-180.0
2025-03-03 07:14:10+00:00,-0.0733,-180.0
2025-03-03 07:14:30+00:00,-0.0745,-180.0
2025-03-03 07:14:56+00:00,-0.0759,-180.0
2025-03-03 07:15:16+00:00,-0.0771,-180.0
2025-03-03 07:15:36+00:00,-0.0781,-180.0
2025-03-03 07:15:58+00:00,-0.0794,-180.0
2025-03-03 07:16:18+00:00,-0.0806,-180.0
2025-03-03 07:16:38+00:00,-0.0817,-180.0
2025-03-03 07:17:01+00:00,-0.083,-180.0
2025-03-03 07:17:21+00:00,-0.0842,-180.0
2025-03-03 07:17:41+00:00,-0.0852,-180.0
2025-03-03 07:18:06+00:00,-0.0867,-180.0
2025-03-03 07:18:26+00:00,-0.0878,-180.0
2025-03-03 07:18:46+00:00,-0.089,-180.0
2025-03-03 07:19:07+00:00,-0.0901,-180.0
2025-03-03 07:19:28+00:00,-0.0914,-180.0
2025-03-03 07:19:48+00:00,-0.0925,-180.0
2025-03-03 07:20:08+00:00,-0.0936,-180.0
2025-03-03 07:20:28+00:00,-0.0948,-180.0
2025-03-03 07:20:50+00:00,-0.0961,-180.0
2025-03-03 07:21:11+00:00,-0.0972,-180.0
2025-03-03 07:21:31+00:00,-0.0984,-180.0
2025-03-03 07:21:51+00:00,-0.0994,-180.0
2025-03-03 07:22:10+00:00,-0.101,-180.0
2025-03-03 07:22:31+00:00,-0.102,-180.0
2025-03-03 07:22:51+00:00,-0.103,-180.0
2025-03-03 07:23:16+00:00,-0.104,-180.0
2025-03-03 07:23:36+00:00,-0.106,-179.0
2025-03-03 07:23:58+00:00,-0.107,-179.0
2025-03-03 07:24:18+00:00,-0.108,-179.0
2025-03-03 07:24:40+00:00,-0.109,-179.0
2025-03-03 07:25:01+00:00,-0.11,-179.0
2025-03-03 07:25:21+00:00,-0.111,-179.0
2025-03-03 07:25:40+00:00,-0.113,-179.0
2025-03-03 07:26:01+00:00,-0.114,-179.0
2025-03-03 07:26:24+00:00,-0.115,-179.0
2025-03-03 07:26:46+00:00,-0.116,-179.0
2025-03-03 07:27:11+00:00,-0.118,-179.0
2025-03-03 07:27:31+00:00,-0.119,-179.0
2025-03-03 07:27:56+00:00,-0.12,-179.0
2025-03-03 07:28:20+00:00,-0.122,-179.0
2025-03-03 07:28:41+00:00,-0.123,-179.0
2025-03-03 07:29:05+00:00,-0.124,-179.0
2025-03-03 07:29:24+00:00,-0.125,-179.0
2025-03-03 07:29:46+00:00,-0.127,-179.0
2025-03-03 07:30:08+00:00,-0.128,-179.0
2025-03-03 07:30:28+00:00,-0.129,-179.0
2025-03-03 07:30:49+00:00,-0.13,-179.0
2025-03-03 07:31:09+00:00,-0.131,-179.0
2025-03-03 07:31:31+00:00,-0.132,-179.0
2025-03-03 07:31:51+00:00,-0.134,-179.0
2025-03-03 07:32:10+00:00,-0.135,-179.0
2025-03-03 07:32:31+00:00,-0.136,-179.0
2025-03-03 07:32:51+00:00,-0.137,-179.0
2025-03-03 07:33:11+00:00,-0.138,-179.0
2025-03-03 07:33:31+00:00,-0.139,-179.0
2025-03-03 07:34:01+00:00,-0.141,-179.0
2025-03-03 07:34:21+00:00,-0.142,-179.0
2025-03-03 07:34:41+00:00,-0.143,-179.0
2025-03-03 07:35:01+00:00,-0.144,-179.0
2025-03-03 07:35:21+00:00,-0.146,-179.0
2025-03-03 07:35:41+00:00,-0.147,-179.0
2025-03-03 07:36:05+00:00,-0.148,-179.0
2025-03-03 07:36:24+00:00,-0.149,-179.0
2025-03-03 07:36:45+00:00,-0.15,-179.0
2025-03-03 07:37:07+00:00,-0.151,-179.0
2025-03-03 07:37:26+00:00,-0.153,-179.0
2025-03-03 07:37:46+00:00,-0.154,-179.0
2025-03-03 07:38:08+00:00,-0.155,-179.0
2025-03-03 07:38:31+00:00,-0.156,-179.0
2025-03-03 07:38:51+00:00,-0.157,-179.0
2025-03-03 07:39:11+00:00,-0.159,-179.0
2025-03-03 07:39:30+00:00,-0.16,-179.0
2025-03-03 07:39:51+00:00,-0.161,-179.0
2025-03-03 07:40:11+00:00,-0.162,-179.0
2025-03-03 07:40:31+00:00,-0.163,-179.0
2025-03-03 07:40:54+00:00,-0.164,-179.0
2025-03-03 07:41:16+00:00,-0.166,-179.0
2025-03-03 07:41:36+00:00,-0.167,-179.0
2025-03-03 07:41:58+00:00,-0.168,-179.0
2025-03-03 07:42:18+00:00,-0.169,-179.0
2025-03-03 07:42:38+00:00,-0.17,-179.0
2025-03-03 07:42:58+00:00,-0.171,-179.0
2025-03-03 07:43:18+00:00,-0.173,-179.0
2025-03-03 07:43:38+00:00,-0.174,-179.0
2025-03-03 07:43:58+00:00,-0.175,-179.0
2025-03-03 07:44:18+00:00,-0.176,-179.0
2025-03-03 07:44:41+00:00,-0.177,-179.0
2025-03-03 07:45:01+00:00,-0.179,-179.0
2025-03-03 07:45:21+00:00,-0.18,-179.0
2025-03-03 07:45:41+00:00,-0.181,-179.0
2025-03-03 07:46:00+00:00,-0.182,-179.0
2025-03-03 07:46:21+00:00,-0.183,-179.0
2025-03-03 07:46:44+00:00,-0.184,-179.0
2025-03-03 07:47:05+00:00,-0.186,-179.0
2025-03-03 07:47:24+00:00,-0.187,-179.0
2025-03-03 07:47:44+00:00,-0.188,-179.0
2025-03-03 07:48:06+00:00,-0.189,-179.0
2025-03-03 07:48:25+00:00,-0.19,-179.0
2025-03-03 07:48:45+00:00,-0.191,-179.0
2025-03-03 07:49:06+00:00,-0.192,-179.0
2025-03-03 07:49:25+00:00,-0.193,-179.0
2025-03-03 07:49:48+00:00,-0.195,-179.0
2025-03-03 07:50:08+00:00,-0.196,-179.0
2025-03-03 07:50:28+00:00,-0.197,-179.0
2025-03-03 07:50:48+00:00,-0.198,-179.0
2025-03-03 07:51:08+00:00,-0.199,-179.0
2025-03-03 07:51:28+00:00,-0.2,-179.0
2025-03-03 07:51:51+00:00,-0.202,-179.0
2025-03-03 07:52:11+00:00,-0.203,-179.0
2025-03-03 07:52:31+00:00,-0.204,-179.0
2025-03-03 07:52:53+00:00,-0.205,-179.0
2025-03-03 07:53:16+00:00,-0.207,-179.0
2025-03-03 07:53:36+00:00,-0.208,-179.0
2025-03-03 07:53:56+00:00,-0.209,-179.0
2025-03-03 07:54:16+00:00,-0.21,-179.0
2025-03-03 07:54:36+00:00,-0.211,-179.0
2025-03-03 07:54:55+00:00,-0.212,-179.0
2025-03-03 07:55:16+00:00,-0.213,-179.0
2025-03-03 07:55:36+00:00,-0.215,-179.0
2025-03-03 07:55:58+00:00,-0.216,-179.0
2025-03-03 07:56:18+00:00,-0.217,-179.0
2025-03-03 07:56:38+00:00,-0.218,-179.0
2025-03-03 07:56:58+00:00,-0.219,-179.0
2025-03-03 07:57:18+00:00,-0.22,-179.0
2025-03-03 07:57:41+00:00,-0.222,-179.0
2025-03-03 07:58:01+00:00,-0.223,-179.0
2025-03-03 07:58:20+00:00,-0.224,-179.0
2025-03-03 07:58:40+00:00,-0.225,-179.0
2025-03-03 07:59:01+00:00,-0.226,-179.0
2025-03-03 07:59:21+00:00,-0.227,-179.0
2025-03-03 07:59:41+00:00,-0.229,-179.0
2025-03-03 08:00:01+00:00,-0.23,-179.0
2025-03-03 08:00:21+00:00,-0.231,-179.0
2025-03-03 08:00:41+00:00,-0.232,-179.0
2025-03-03 08:01:01+00:00,-0.233,-179.0
2025-03-03 08:01:24+00:00,-0.234,-179.0
2025-03-03 08:01:44+00:00,-0.236,-179.0
2025-03-03 08:02:05+00:00,-0.237,-179.0
2025-03-03 08:02:26+00:00,-0.238,-179.0
2025-03-03 08:02:46+00:00,-0.239,-179.0
2025-03-03 08:03:06+00:00,-0.24,-179.0
2025-03-03 08:03:26+00:00,-0.241,-179.0
2025-03-03 08:03:46+00:00,-0.242,-179.0
2025-03-03 08:04:06+00:00,-0.244,-179.0
2025-03-03 08:04:26+00:00,-0.245,-179.0
2025-03-03 08:04:46+00:00,-0.246,-179.0
2025-03-03 08:05:08+00:00,-0.247,-179.0
2025-03-03 08:05:28+00:00,-0.248,-179.0
2025-03-03 08:05:48+00:00,-0.249,-179.0
2025-03-03 08:06:08+00:00,-0.251,-179.0
2025-03-03 08:06:28+00:00,-0.252,-179.0
2025-03-03 08:06:48+00:00,-0.253,-179.0
2025-03-03 08:07:11+00:00,-0.254,-179.0
2025-03-03 08:07:31+00:00,-0.255,-179.0
2025-03-03 08:07:50+00:00,-0.256,-179.0
2025-03-03 08:08:11+00:00,-0.258,-179.0
2025-03-03 08:08:31+00:00,-0.259,-179.0
2025-03-03 08:08:50+00:00,-0.26,-179.0
2025-03-03 08:09:11+00:00,-0.261,-179.0
2025-03-03 08:09:31+00:00,-0.262,-179.0
2025-03-03 08:09:50+00:00,-0.263,-179.0
2025-03-03 08:10:11+00:00,-0.264,-179.0
2025-03-03 08:10:31+00:00,-0.266,-179.0
2025-03-03 08:10:54+00:00,-0.267,-179.0
2025-03-03 08:11:14+00:00,-0.268,-179.0
2025-03-03 08:11:35+00:00,-0.269,-179.0
2025-03-03 08:11:55+00:00,-0.27,-179.0
2025-03-03 08:12:16+00:00,-0.271,-179.0
2025-03-03 08:12:36+00:00,-0.273,-179.0
2025-03-03 08:12:56+00:00,-0.274,-179.0
2025-03-03 08:13:16+00:00,-0.275,-179.0
2025-03-03 08:13:36+00:00,-0.276,-179.0
2025-03-03 08:13:56+00:00,-0.277,-179.0
2025-03-03 08:14:18+00:00,-0.278,-179.0
2025-03-03 08:14:38+00:00,-0.28,-179.0
2025-03-03 08:14:58+00:00,-0.281,-179.0
2025-03-03 08:15:18+00:00,-0.282,-179.0
2025-03-03 08:15:38+00:00,-0.283,-179.0
2025-03-03 08:15:58+00:00,-0.284,-179.0
2025-03-03 08:16:20+00:00,-0.285,-179.0
2025-03-03 08:16:40+00:00,-0.287,-179.0
2025-03-03 08:17:01+00:00,-0.288,-179.0
2025-03-03 08:17:21+00:00,-0.289,-179.0
2025-03-03 08:17:41+00:00,-0.29,-179.0
2025-03-03 08:18:01+00:00,-0.291,-179.0
2025-03-03 08:18:21+00:00,-0.292,-179.0
2025-03-03 08:18:41+00:00,-0.293,-179.0
2025-03-03 08:19:00+00:00,-0.295,-179.0
2025-03-03 08:19:21+00:00,-0.296,-179.0
2025-03-03 08:19:44+00:00,-0.297,-179.0
2025-03-03 08:20:00+00:00,-0.298,-179.0
2025-03-03 08:20:24+00:00,-0.299,-179.0
2025-03-03 08:20:44+00:00,-0.3,-179.0
2025-03-03 08:21:05+00:00,-0.301,-179.0
2025-03-03 08:21:26+00:00,-0.303,-179.0
2025-03-03 08:21:46+00:00,-0.304,-179.0
2025-03-03 08:22:06+00:00,-0.305,-179.0
2025-03-03 08:22:26+00:00,-0.306,-179.0
2025-03-03 08:22:46+00:00,-0.307,-179.0
2025-03-03 08:23:06+00:00,-0.308,-179.0
2025-03-03 08:23:28+00:00,-0.31,-179.0
2025-03-03 08:23:48+00:00,-0.311,-179.0
2025-03-03 08:24:08+00:00,-0.312,-179.0
2025-03-03 08:24:28+00:00,-0.313,-179.0
2025-03-03 08:24:51+00:00,-0.314,-179.0
2025-03-03 08:25:11+00:00,-0.316,-179.0
2025-03-03 08:25:31+00:00,-0.317,-179.0
2025-03-03 08:25:51+00:00,-0.318,-179.0
2025-03-03 08:26:14+00:00,-0.319,-179.0
2025-03-03 08:26:35+00:00,-0.32,-179.0
2025-03-03 08:26:54+00:00,-0.321,-179.0
2025-03-03 08:27:16+00:00,-0.323,-179.0
2025-03-03 08:27:36+00:00,-0.324,-179.0
2025-03-03 08:27:56+00:00,-0.325,-179.0
2025-03-03 08:28:16+00:00,-0.326,-179.0
2025-03-03 08:28:36+00:00,-0.327,-179.0
2025-03-03 08:28:58+00:00,-0.328,-179.0
2025-03-03 08:29:18+00:00,-0.329,-179.0
2025-03-03 08:29:38+00:00,-0.331,-179.0
2025-03-03 08:29:58+00:00,-0.332,-179.0
2025-03-03 08:30:19+00:00,-0.333,-179.0
2025-03-03 08:30:38+00:00,-0.334,-179.0
2025-03-03 08:30:58+00:00,-0.335,-179.0
2025-03-03 08:31:19+00:00,-0.336,-179.0
2025-03-03 08:31:41+00:00,-0.338,-179.0
2025-03-03 08:32:01+00:00,-0.339,-179.0
2025-03-03 08:32:21+00:00,-0.34,-179.0
2025-03-03 08:32:40+00:00,-0.341,-179.0
2025-03-03 08:33:01+00:00,-0.342,-179.0
2025-03-03 08:33:21+00:00,-0.343,-179.0
2025-03-03 08:33:40+00:00,-0.345,-179.0
2025-03-03 08:34:01+00:00,-0.346,-179.0
2025-03-03 08:34:21+00:00,-0.347,-179.0
2025-03-03 08:34:44+00:00,-0.348,-179.0
2025-03-03 08:35:05+00:00,-0.349,-179.0
2025-03-03 08:35:24+00:00,-0.35,-179.0
2025-03-03 08:35:44+00:00,-0.351,-179.0
2025-03-03 08:36:06+00:00,-0.353,-179.0
2025-03-03 08:36:26+00:00,-0.354,-179.0
2025-03-03 08:36:45+00:00,-0.355,-179.0
2025-03-03 08:37:06+00:00,-0.356,-179.0
2025-03-03 08:37:26+00:00,-0.357,-179.0
2025-03-03 08:37:48+00:00,-0.359,-179.0
2025-03-03 08:38:08+00:00,-0.36,-179.0
2025-03-03 08:38:28+00:00,-0.361,-179.0
2025-03-03 08:38:48+00:00,-0.362,-179.0
2025-03-03 08:39:08+00:00,-0.363,-179.0
2025-03-03 08:39:28+00:00,-0.364,-179.0
2025-03-03 08:39:51+00:00,-0.366,-179.0
2025-03-03 08:40:10+00:00,-0.367,-179.0
2025-03-03 08:40:31+00:00,-0.368,-179.0
2025-03-03 08:40:51+00:00,-0.369,-179.0
2025-03-03 08:41:11+00:00,-0.37,-179.0
2025-03-03 08:41:31+00:00,-0.371,-179.0
2025-03-03 08:41:51+00:00,-0.372,-179.0
2025-03-03 08:41:51+00:00,-0.372,-179.0
2025-03-03 08:42:11+00:00,-0.373,-179.0
2025-03-03 08:42:11+00:00,-0.373,-179.0
2025-03-03 08:42:31+00:00,-0.375,-179.0
2025-03-03 08:42:31+00:00,-0.375,-179.0
2025-03-03 08:42:51+00:00,-0.376,-179.0
2025-03-03 08:42:51+00:00,-0.376,-179.0
2025-03-03 08:43:14+00:00,-0.377,-179.0
2025-03-03 08:43:14+00:00,-0.377,-179.0
2025-03-03 08:43:35+00:00,-0.378,-179.0
2025-03-03 08:43:35+00:00,-0.378,-179.0
2025-03-03 08:43:54+00:00,-0.379,-179.0
2025-03-03 08:43:54+00:00,-0.379,-179.0
2025-03-03 08:44:14+00:00,-0.38,-179.0
2025-03-03 08:44:14+00:00,-0.38,-179.0
2025-03-03 08:44:36+00:00,-0.382,-179.0
2025-03-03 08:44:36+00:00,-0.382,-179.0
2025-03-03 08:44:56+00:00,-0.383,-179.0
2025-03-03 08:44:56+00:00,-0.383,-179.0
2025-03-03 08:45:16+00:00,-0.384,-179.0
2025-03-03 08:45:16+00:00,-0.384,-179.0
2025-03-03 08:45:36+00:00,-0.385,-179.0
2025-03-03 08:45:36+00:00,-0.385,-179.0
2025-03-03 08:45:56+00:00,-0.386,-179.0
2025-03-03 08:45:56+00:00,-0.386,-179.0
2025-03-03 08:46:16+00:00,-0.387,-179.0
2025-03-03 08:46:16+00:00,-0.387,-179.0
2025-03-03 08:46:36+00:00,-0.389,-179.0
2025-03-03 08:46:36+00:00,-0.389,-179.0
2025-03-03 08:46:58+00:00,-0.39,-179.0
2025-03-03 08:46:58+00:00,-0.39,-179.0
2025-03-03 08:47:18+00:00,-0.391,-179.0
2025-03-03 08:47:18+00:00,-0.391,-179.0
2025-03-03 08:47:38+00:00,-0.392,-179.0
2025-03-03 08:47:38+00:00,-0.392,-179.0
2025-03-03 08:47:58+00:00,-0.393,-179.0
2025-03-03 08:47:58+00:00,-0.393,-179.0
2025-03-03 08:48:21+00:00,-0.395,-179.0
2025-03-03 08:48:21+00:00,-0.395,-179.0
2025-03-03 08:48:41+00:00,-0.396,-179.0
2025-03-03 08:48:41+00:00,-0.396,-179.0
2025-03-03 08:49:01+00:00,-0.397,-179.0
2025-03-03 08:49:01+00:00,-0.397,-179.0
2025-03-03 08:49:21+00:00,-0.398,-179.0
2025-03-03 08:49:21+00:00,-0.398,-179.0
2025-03-03 08:49:41+00:00,-0.399,-179.0
2025-03-03 08:49:41+00:00,-0.399,-179.0
2025-03-03 08:50:01+00:00,-0.4,-179.0
2025-03-03 08:50:01+00:00,-0.4,-179.0
2025-03-03 08:50:21+00:00,-0.401,-179.0
2025-03-03 08:50:21+00:00,-0.401,-179.0
2025-03-03 08:50:41+00:00,-0.402,-179.0
2025-03-03 08:50:41+00:00,-0.402,-179.0
2025-03-03 08:51:01+00:00,-0.403,-179.0
2025-03-03 08:51:01+00:00,-0.403,-179.0
2025-03-03 08:51:24+00:00,-0.405,-179.0
2025-03-03 08:51:24+00:00,-0.405,-179.0
2025-03-03 08:51:44+00:00,-0.406,-179.0
2025-03-03 08:51:44+00:00,-0.406,-179.0
2025-03-03 08:52:04+00:00,-0.407,-179.0
2025-03-03 08:52:04+00:00,-0.407,-179.0
2025-03-03 08:52:24+00:00,-0.408,-179.0
2025-03-03 08:52:24+00:00,-0.408,-179.0
2025-03-03 08:52:46+00:00,-0.41,-179.0
2025-03-03 08:52:46+00:00,-0.41,-179.0
2025-03-03 08:53:06+00:00,-0.411,-179.0
2025-03-03 08:53:06+00:00,-0.411,-179.0
2025-03-03 08:53:26+00:00,-0.412,-179.0
2025-03-03 08:53:26+00:00,-0.412,-179.0
2025-03-03 08:53:46+00:00,-0.413,-179.0
2025-03-03 08:53:46+00:00,-0.413,-179.0
2025-03-03 08:54:05+00:00,-0.414,-179.0
2025-03-03 08:54:05+00:00,-0.414,-179.0
2025-03-03 08:54:26+00:00,-0.415,-179.0
2025-03-03 08:54:26+00:00,-0.415,-179.0
2025-03-03 08:54:46+00:00,-0.416,-179.0
2025-03-03 08:54:46+00:00,-0.416,-179.0
2025-03-03 08:55:08+00:00,-0.418,-179.0
2025-03-03 08:55:08+00:00,-0.418,-179.0
2025-03-03 08:55:28+00:00,-0.419,-179.0
2025-03-03 08:55:28+00:00,-0.419,-179.0
2025-03-03 08:55:48+00:00,-0.42,-179.0
2025-03-03 08:55:48+00:00,-0.42,-179.0
2025-03-03 08:56:08+00:00,-0.421,-179.0
2025-03-03 08:56:08+00:00,-0.421,-179.0
2025-03-03 08:56:28+00:00,-0.422,-179.0
2025-03-03 08:56:28+00:00,-0.422,-179.0
2025-03-03 08:56:48+00:00,-0.423,-179.0
2025-03-03 08:56:48+00:00,-0.423,-179.0
2025-03-03 08:57:08+00:00,-0.424,-179.0
2025-03-03 08:57:08+00:00,-0.424,-179.0
2025-03-03 08:57:31+00:00,-0.426,-179.0
2025-03-03 08:57:31+00:00,-0.426,-179.0
2025-03-03 08:57:51+00:00,-0.427,-179.0
2025-03-03 08:57:51+00:00,-0.427,-179.0
2025-03-03 08:58:11+00:00,-0.428,-179.0
2025-03-03 08:58:11+00:00,-0.428,-179.0
2025-03-03 08:58:31+00:00,-0.429,-179.0
2025-03-03 08:58:31+00:00,-0.429,-179.0
2025-03-03 08:58:51+00:00,-0.43,-179.0
2025-03-03 08:58:51+00:00,-0.43,-179.0
2025-03-03 08:59:11+00:00,-0.431,-179.0
2025-03-03 08:59:11+00:00,-0.431,-179.0
2025-03-03 08:59:31+00:00,-0.432,-179.0
2025-03-03 08:59:31+00:00,-0.432,-179.0
2025-03-03 08:59:51+00:00,-0.434,-179.0
2025-03-03 08:59:51+00:00,-0.434,-179.0
2025-03-03 09:00:11+00:00,-0.435,-179.0
2025-03-03 09:00:11+00:00,-0.435,-179.0
2025-03-03 09:00:31+00:00,-0.436,-179.0
2025-03-03 09:00:31+00:00,-0.436,-179.0
2025-03-03 09:00:54+00:00,-0.437,-179.0
2025-03-03 09:00:54+00:00,-0.437,-179.0
2025-03-03 09:01:14+00:00,-0.438,-179.0
2025-03-03 09:01:14+00:00,-0.438,-179.0
2025-03-03 09:01:34+00:00,-0.44,-179.0
2025-03-03 09:01:34+00:00,-0.44,-179.0
2025-03-03 09:01:54+00:00,-0.441,-179.0
2025-03-03 09:01:54+00:00,-0.441,-179.0
2025-03-03 09:02:16+00:00,-0.442,-179.0
2025-03-03 09:02:16+00:00,-0.442,-179.0
2025-03-03 09:02:36+00:00,-0.443,-179.0
2025-03-03 09:02:36+00:00,-0.443,-179.0
2025-03-03 09:02:56+00:00,-0.444,-179.0
2025-03-03 09:02:56+00:00,-0.444,-179.0
2025-03-03 09:03:16+00:00,-0.445,-179.0
2025-03-03 09:03:16+00:00,-0.445,-179.0
2025-03-03 09:03:36+00:00,-0.447,-179.0
2025-03-03 09:03:36+00:00,-0.447,-179.0
2025-03-03 09:03:56+00:00,-0.448,-179.0
2025-03-03 09:03:56+00:00,-0.448,-179.0
2025-03-03 09:04:18+00:00,-0.449,-179.0
2025-03-03 09:04:18+00:00,-0.449,-179.0
2025-03-03 09:04:38+00:00,-0.45,-179.0
2025-03-03 09:04:38+00:00,-0.45,-179.0
2025-03-03 09:04:58+00:00,-0.451,-179.0
2025-03-03 09:04:58+00:00,-0.451,-179.0
2025-03-03 09:05:18+00:00,-0.452,-179.0
2025-03-03 09:05:18+00:00,-0.452,-179.0
2025-03-03 09:05:38+00:00,-0.453,-179.0
2025-03-03 09:05:38+00:00,-0.453,-179.0
2025-03-03 09:05:58+00:00,-0.454,-179.0
2025-03-03 09:05:58+00:00,-0.454,-179.0
2025-03-03 09:06:18+00:00,-0.456,-179.0
2025-03-03 09:06:18+00:00,-0.456,-179.0
2025-03-03 09:06:41+00:00,-0.457,-179.0
2025-03-03 09:06:41+00:00,-0.457,-179.0
2025-03-03 09:07:01+00:00,-0.458,-179.0
2025-03-03 09:07:01+00:00,-0.458,-179.0
2025-03-03 09:07:21+00:00,-0.459,-179.0
2025-03-03 09:07:21+00:00,-0.459,-179.0
2025-03-03 09:07:41+00:00,-0.46,-179.0
2025-03-03 09:07:41+00:00,-0.46,-179.0
2025-03-03 09:08:00+00:00,-0.461,-179.0
2025-03-03 09:08:00+00:00,-0.461,-179.0
2025-03-03 09:08:21+00:00,-0.463,-179.0
2025-03-03 09:08:21+00:00,-0.463,-179.0
2025-03-03 09:08:41+00:00,-0.464,-179.0
2025-03-03 09:08:41+00:00,-0.464,-179.0
2025-03-03 09:09:01+00:00,-0.465,-179.0
2025-03-03 09:09:01+00:00,-0.465,-179.0
2025-03-03 09:09:21+00:00,-0.466,-179.0
2025-03-03 09:09:21+00:00,-0.466,-179.0
2025-03-03 09:09:41+00:00,-0.467,-179.0
2025-03-03 09:09:41+00:00,-0.467,-179.0
2025-03-03 09:10:01+00:00,-0.468,-179.0
2025-03-03 09:10:01+00:00,-0.468,-179.0
2025-03-03 09:10:24+00:00,-0.47,-179.0
2025-03-03 09:10:24+00:00,-0.47,-179.0
2025-03-03 09:10:44+00:00,-0.471,-179.0
2025-03-03 09:10:44+00:00,-0.471,-179.0
2025-03-03 09:11:05+00:00,-0.472,-179.0
2025-03-03 09:11:05+00:00,-0.472,-179.0
2025-03-03 09:11:24+00:00,-0.473,-179.0
2025-03-03 09:11:24+00:00,-0.473,-179.0
2025-03-03 09:11:46+00:00,-0.474,-179.0
2025-03-03 09:11:46+00:00,-0.474,-179.0
2025-03-03 09:12:06+00:00,-0.476,-179.0
2025-03-03 09:12:06+00:00,-0.476,-179.0
2025-03-03 09:12:26+00:00,-0.477,-179.0
2025-03-03 09:12:26+00:00,-0.477,-179.0
2025-03-03 09:12:46+00:00,-0.478,-179.0
2025-03-03 09:12:46+00:00,-0.478,-179.0
2025-03-03 09:13:06+00:00,-0.479,-179.0
2025-03-03 09:13:06+00:00,-0.479,-179.0
2025-03-03 09:13:26+00:00,-0.48,-179.0
2025-03-03 09:13:26+00:00,-0.48,-179.0
2025-03-03 09:13:46+00:00,-0.481,-179.0
2025-03-03 09:13:46+00:00,-0.481,-179.0
2025-03-03 09:14:08+00:00,-0.482,-179.0
2025-03-03 09:14:08+00:00,-0.482,-179.0
2025-03-03 09:14:28+00:00,-0.483,-179.0
2025-03-03 09:14:28+00:00,-0.483,-179.0
2025-03-03 09:14:48+00:00,-0.485,-179.0
2025-03-03 09:14:48+00:00,-0.485,-179.0
2025-03-03 09:15:08+00:00,-0.486,-179.0
2025-03-03 09:15:08+00:00,-0.486,-179.0
2025-03-03 09:15:28+00:00,-0.487,-179.0
2025-03-03 09:15:28+00:00,-0.487,-179.0
2025-03-03 09:15:48+00:00,-0.488,-179.0
2025-03-03 09:15:48+00:00,-0.488,-179.0
2025-03-03 09:16:08+00:00,-0.489,-179.0
2025-03-03 09:16:08+00:00,-0.489,-179.0
2025-03-03 09:16:31+00:00,-0.49,-179.0
2025-03-03 09:16:31+00:00,-0.49,-179.0
2025-03-03 09:16:51+00:00,-0.492,-179.0
2025-03-03 09:16:51+00:00,-0.492,-179.0
2025-03-03 09:17:11+00:00,-0.493,-179.0
2025-03-03 09:17:11+00:00,-0.493,-179.0
2025-03-03 09:17:31+00:00,-0.494,-179.0
2025-03-03 09:17:31+00:00,-0.494,-179.0
2025-03-03 09:17:58+00:00,-0.496,-179.0
2025-03-03 09:17:58+00:00,-0.496,-179.0
2025-03-03 10:16:28+00:00,-0.695,-178.0
2025-03-03 10:16:28+00:00,-0.695,-178.0
2025-03-03 10:16:28+00:00,-0.695,-178.0
2025-03-03 10:20:55+00:00,-0.71,-178.0
2025-03-03 10:20:55+00:00,-0.71,-178.0
2025-03-03 10:20:55+00:00,-0.71,-178.0
2025-03-03 10:25:11+00:00,-0.725,-178.0
2025-03-03 10:25:11+00:00,-0.725,-178.0
2025-03-03 10:25:11+00:00,-0.725,-178.0
2025-03-03 11:40:28+00:00,-0.981,-177.0
2025-03-03 11:40:28+00:00,-0.981,-177.0
2025-03-03 11:40:28+00:00,-0.981,-177.0
2025-03-03 11:41:26+00:00,-0.984,-177.0
2025-03-03 11:41:26+00:00,-0.984,-177.0
2025-03-03 11:41:26+00:00,-0.984,-177.0
2025-03-03 11:41:48+00:00,-0.986,-177.0
2025-03-03 11:41:48+00:00,-0.986,-177.0
2025-03-03 11:42:08+00:00,-0.987,-177.0
2025-03-03 11:42:08+00:00,-0.987,-177.0
2025-03-03 11:42:28+00:00,-0.988,-177.0
2025-03-03 11:42:28+00:00,-0.988,-177.0
2025-03-03 11:42:48+00:00,-0.989,-177.0
2025-03-03 11:42:48+00:00,-0.989,-177.0
2025-03-03 11:43:08+00:00,-0.99,-177.0
2025-03-03 11:43:08+00:00,-0.99,-177.0
2025-03-03 11:43:28+00:00,-0.991,-177.0
2025-03-03 11:43:28+00:00,-0.991,-177.0
2025-03-03 11:43:51+00:00,-0.993,-177.0
2025-03-03 11:43:51+00:00,-0.993,-177.0
2025-03-03 11:44:11+00:00,-0.994,-177.0
2025-03-03 11:44:11+00:00,-0.994,-177.0
2025-03-03 11:44:31+00:00,-0.995,-177.0
2025-03-03 11:44:31+00:00,-0.995,-177.0
2025-03-03 11:44:51+00:00,-0.996,-177.0
2025-03-03 11:44:51+00:00,-0.996,-177.0
2025-03-03 11:45:10+00:00,-0.997,-177.0
2025-03-03 11:45:10+00:00,-0.997,-177.0
2025-03-03 11:45:31+00:00,-0.998,-177.0
2025-03-03 11:45:31+00:00,-0.998,-177.0
2025-03-03 11:45:51+00:00,-0.999,-177.0
2025-03-03 11:45:51+00:00,-0.999,-177.0
2025-03-03 11:46:11+00:00,-1.0,-177.0
2025-03-03 11:46:11+00:00,-1.0,-177.0
2025-03-03 11:46:31+00:00,-1.0,-177.0
2025-03-03 11:46:31+00:00,-1.0,-177.0
2025-03-03 11:46:54+00:00,-1.0,-177.0
2025-03-03 11:46:54+00:00,-1.0,-177.0
2025-03-03 11:47:14+00:00,-1.0,-177.0
2025-03-03 11:47:14+00:00,-1.0,-177.0
2025-03-03 11:47:35+00:00,-1.01,-177.0
2025-03-03 11:47:35+00:00,-1.01,-177.0
2025-03-03 11:47:54+00:00,-1.01,-177.0
2025-03-03 11:47:54+00:00,-1.01,-177.0
2025-03-03 11:48:14+00:00,-1.01,-177.0
2025-03-03 11:48:14+00:00,-1.01,-177.0
2025-03-03 11:49:06+00:00,-1.01,-177.0
2025-03-03 11:49:06+00:00,-1.01,-177.0
2025-03-03 11:49:26+00:00,-1.01,-177.0
2025-03-03 11:49:26+00:00,-1.01,-177.0
2025-03-03 11:49:46+00:00,-1.01,-177.0
2025-03-03 11:49:46+00:00,-1.01,-177.0
2025-03-03 11:50:06+00:00,-1.01,-177.0
2025-03-03 11:50:06+00:00,-1.01,-177.0
2025-03-03 11:50:26+00:00,-1.02,-177.0
2025-03-03 11:50:26+00:00,-1.02,-177.0
2025-03-03 11:50:46+00:00,-1.02,-177.0
2025-03-03 11:50:46+00:00,-1.02,-177.0
2025-03-03 11:51:06+00:00,-1.02,-177.0
2025-03-03 11:51:06+00:00,-1.02,-177.0
2025-03-03 11:51:28+00:00,-1.02,-177.0
2025-03-03 11:51:28+00:00,-1.02,-177.0
2025-03-03 11:51:49+00:00,-1.02,-177.0
2025-03-03 11:51:49+00:00,-1.02,-177.0
2025-03-03 11:52:09+00:00,-1.02,-177.0
2025-03-03 11:52:09+00:00,-1.02,-177.0
2025-03-03 11:52:29+00:00,-1.02,-177.0
2025-03-03 11:52:29+00:00,-1.02,-177.0
2025-03-03 11:52:49+00:00,-1.02,-177.0
2025-03-03 11:52:49+00:00,-1.02,-177.0
2025-03-03 11:53:09+00:00,-1.02,-177.0
2025-03-03 11:53:09+00:00,-1.02,-177.0
2025-03-03 11:53:29+00:00,-1.03,-177.0
2025-03-03 11:53:29+00:00,-1.03,-177.0
2025-03-03 11:53:51+00:00,-1.03,-177.0
2025-03-03 11:53:51+00:00,-1.03,-177.0
2025-03-03 11:54:11+00:00,-1.03,-177.0
2025-03-03 11:54:11+00:00,-1.03,-177.0
2025-03-03 11:54:31+00:00,-1.03,-177.0
2025-03-03 11:54:31+00:00,-1.03,-177.0
2025-03-03 11:54:51+00:00,-1.03,-177.0
2025-03-03 11:54:51+00:00,-1.03,-177.0
2025-03-03 11:55:11+00:00,-1.03,-177.0
2025-03-03 11:55:11+00:00,-1.03,-177.0
2025-03-03 11:55:31+00:00,-1.03,-177.0
2025-03-03 11:55:31+00:00,-1.03,-177.0
2025-03-03 11:55:51+00:00,-1.03,-177.0
2025-03-03 11:55:51+00:00,-1.03,-177.0
2025-03-03 11:56:11+00:00,-1.03,-177.0
2025-03-03 11:56:11+00:00,-1.03,-177.0
2025-03-03 11:56:31+00:00,-1.04,-177.0
2025-03-03 11:56:31+00:00,-1.04,-177.0
2025-03-03 11:56:51+00:00,-1.04,-177.0
2025-03-03 11:56:51+00:00,-1.04,-177.0
2025-03-03 11:57:14+00:00,-1.04,-177.0
2025-03-03 11:57:14+00:00,-1.04,-177.0
2025-03-03 11:57:31+00:00,-1.04,-177.0
2025-03-03 11:57:31+00:00,-1.04,-177.0
2025-03-03 11:57:56+00:00,-1.04,-177.0
2025-03-03 11:57:56+00:00,-1.04,-177.0
2025-03-03 11:58:18+00:00,-1.04,-177.0
2025-03-03 11:58:18+00:00,-1.04,-177.0
2025-03-03 11:58:38+00:00,-1.04,-177.0
2025-03-03 11:58:38+00:00,-1.04,-177.0
2025-03-03 11:58:58+00:00,-1.04,-177.0
2025-03-03 11:58:58+00:00,-1.04,-177.0
2025-03-03 11:59:18+00:00,-1.05,-177.0
2025-03-03 11:59:18+00:00,-1.05,-177.0
2025-03-03 11:59:38+00:00,-1.05,-177.0
2025-03-03 11:59:38+00:00,-1.05,-177.0
2025-03-03 11:59:58+00:00,-1.05,-177.0
2025-03-03 12:00:21+00:00,-1.05,-177.0
2025-03-03 12:00:41+00:00,-1.05,-177.0
2025-03-03 12:01:01+00:00,-1.05,-177.0
2025-03-03 12:01:21+00:00,-1.05,-177.0
2025-03-03 12:01:41+00:00,-1.05,-177.0
2025-03-03 12:02:01+00:00,-1.05,-177.0
2025-03-03 12:02:21+00:00,-1.06,-177.0
2025-03-03 12:02:41+00:00,-1.06,-177.0
2025-03-03 12:03:01+00:00,-1.06,-177.0
2025-03-03 12:03:21+00:00,-1.06,-177.0
2025-03-03 12:03:44+00:00,-1.06,-177.0
2025-03-03 12:04:01+00:00,-1.06,-177.0
2025-03-03 12:04:24+00:00,-1.06,-177.0
2025-03-03 12:04:44+00:00,-1.06,-177.0
2025-03-03 12:05:05+00:00,-1.06,-177.0
2025-03-03 12:05:26+00:00,-1.07,-177.0
2025-03-03 12:05:46+00:00,-1.07,-177.0
2025-03-03 12:06:08+00:00,-1.07,-177.0
2025-03-03 12:06:28+00:00,-1.07,-177.0
2025-03-03 12:06:48+00:00,-1.07,-177.0
2025-03-03 12:07:08+00:00,-1.07,-177.0
2025-03-03 12:07:28+00:00,-1.07,-177.0
2025-03-03 12:07:51+00:00,-1.07,-177.0
2025-03-03 12:08:11+00:00,-1.08,-177.0
2025-03-03 12:08:31+00:00,-1.08,-177.0
2025-03-03 12:08:51+00:00,-1.08,-177.0
2025-03-03 12:09:11+00:00,-1.08,-177.0
2025-03-03 12:09:31+00:00,-1.08,-177.0
2025-03-03 12:09:51+00:00,-1.08,-177.0
2025-03-03 12:10:11+00:00,-1.08,-177.0
2025-03-03 12:10:31+00:00,-1.08,-177.0
2025-03-03 12:10:51+00:00,-1.08,-177.0
2025-03-03 12:11:14+00:00,-1.09,-177.0
2025-03-03 12:11:31+00:00,-1.09,-177.0
2025-03-03 12:11:54+00:00,-1.09,-177.0
2025-03-03 12:12:14+00:00,-1.09,-177.0
2025-03-03 12:12:35+00:00,-1.09,-177.0
2025-03-03 12:12:54+00:00,-1.09,-177.0
2025-03-03 12:13:16+00:00,-1.09,-177.0
2025-03-03 12:13:36+00:00,-1.09,-177.0
2025-03-03 12:13:56+00:00,-1.1,-177.0
2025-03-03 12:14:16+00:00,-1.1,-177.0
2025-03-03 12:14:36+00:00,-1.1,-177.0
2025-03-03 12:14:56+00:00,-1.1,-177.0
2025-03-03 12:15:16+00:00,-1.1,-177.0
2025-03-03 12:15:36+00:00,-1.1,-177.0
2025-03-03 12:15:58+00:00,-1.1,-177.0
2025-03-03 12:16:18+00:00,-1.1,-177.0
2025-03-03 12:16:38+00:00,-1.1,-177.0
2025-03-03 12:16:58+00:00,-1.11,-177.0
2025-03-03 12:17:19+00:00,-1.11,-177.0
2025-03-03 12:17:38+00:00,-1.11,-177.0
2025-03-03 12:17:58+00:00,-1.11,-177.0
2025-03-03 12:18:19+00:00,-1.11,-177.0
2025-03-03 12:18:41+00:00,-1.11,-177.0
2025-03-03 12:19:01+00:00,-1.11,-177.0
2025-03-03 12:19:21+00:00,-1.11,-177.0
2025-03-03 12:19:41+00:00,-1.11,-177.0
2025-03-03 12:20:01+00:00,-1.12,-177.0
2025-03-03 12:20:21+00:00,-1.12,-177.0
2025-03-03 12:20:41+00:00,-1.12,-177.0
2025-03-03 12:21:01+00:00,-1.12,-177.0
2025-03-03 12:21:21+00:00,-1.12,-177.0
2025-03-03 12:21:41+00:00,-1.12,-177.0
2025-03-03 12:22:01+00:00,-1.12,-177.0
2025-03-03 12:22:21+00:00,-1.12,-177.0
2025-03-03 12:22:44+00:00,-1.13,-177.0
2025-03-03 12:23:01+00:00,-1.13,-177.0
2025-03-03 12:23:24+00:00,-1.13,-177.0
2025-03-03 12:23:44+00:00,-1.13,-177.0
2025-03-03 12:24:05+00:00,-1.13,-177.0
2025-03-03 12:24:24+00:00,-1.13,-177.0
2025-03-03 12:24:44+00:00,-1.13,-177.0
2025-03-03 12:25:06+00:00,-1.13,-177.0
2025-03-03 12:25:26+00:00,-1.13,-177.0
2025-03-03 12:25:46+00:00,-1.14,-177.0
2025-03-03 12:26:06+00:00,-1.14,-177.0
2025-03-03 12:26:26+00:00,-1.14,-177.0
2025-03-03 12:26:46+00:00,-1.14,-177.0
2025-03-03 12:27:06+00:00,-1.14,-177.0
2025-03-03 12:27:26+00:00,-1.14,-177.0
2025-03-03 12:27:48+00:00,-1.14,-177.0
2025-03-03 12:28:08+00:00,-1.14,-177.0
2025-03-03 12:28:29+00:00,-1.14,-177.0
2025-03-03 12:28:48+00:00,-1.15,-177.0
2025-03-03 12:29:08+00:00,-1.15,-177.0
2025-03-03 12:29:28+00:00,-1.15,-177.0
2025-03-03 12:29:48+00:00,-1.15,-177.0
2025-03-03 12:30:11+00:00,-1.15,-177.0
2025-03-03 12:30:28+00:00,-1.15,-177.0
2025-03-03 12:30:51+00:00,-1.15,-177.0
2025-03-03 12:31:11+00:00,-1.15,-177.0
2025-03-03 12:31:31+00:00,-1.16,-177.0
2025-03-03 12:31:51+00:00,-1.16,-177.0
2025-03-03 12:32:11+00:00,-1.16,-177.0
2025-03-03 12:32:31+00:00,-1.16,-177.0
2025-03-03 12:32:51+00:00,-1.16,-177.0
2025-03-03 12:33:11+00:00,-1.16,-177.0
2025-03-03 12:33:31+00:00,-1.16,-177.0
2025-03-03 12:33:51+00:00,-1.16,-177.0
2025-03-03 12:34:14+00:00,-1.16,-177.0
2025-03-03 12:34:31+00:00,-1.17,-177.0
2025-03-03 12:34:54+00:00,-1.17,-177.0
2025-03-03 12:35:15+00:00,-1.17,-177.0
2025-03-03 12:35:35+00:00,-1.17,-177.0
2025-03-03 12:35:55+00:00,-1.17,-177.0
2025-03-03 12:36:16+00:00,-1.17,-177.0
2025-03-03 12:36:36+00:00,-1.17,-177.0
2025-03-03 12:36:56+00:00,-1.17,-177.0
2025-03-03 12:37:16+00:00,-1.17,-177.0
2025-03-03 12:37:36+00:00,-1.18,-177.0
2025-03-03 12:37:56+00:00,-1.18,-177.0
2025-03-03 12:38:16+00:00,-1.18,-177.0
2025-03-03 12:38:36+00:00,-1.18,-177.0
2025-03-03 12:38:58+00:00,-1.18,-177.0
2025-03-03 12:39:18+00:00,-1.18,-177.0
2025-03-03 12:39:38+00:00,-1.18,-177.0
2025-03-03 12:39:58+00:00,-1.18,-177.0
2025-03-03 12:40:18+00:00,-1.19,-177.0
2025-03-03 12:40:38+00:00,-1.19,-177.0
2025-03-03 12:41:01+00:00,-1.19,-177.0
2025-03-03 12:41:21+00:00,-1.19,-177.0
2025-03-03 12:41:41+00:00,-1.19,-177.0
2025-03-03 12:42:01+00:00,-1.19,-177.0
2025-03-03 12:42:21+00:00,-1.19,-177.0
2025-03-03 12:42:41+00:00,-1.19,-177.0
2025-03-03 12:43:01+00:00,-1.19,-177.0
2025-03-03 12:43:21+00:00,-1.2,-177.0
2025-03-03 12:43:41+00:00,-1.2,-177.0
2025-03-03 12:44:01+00:00,-1.2,-177.0
2025-03-03 12:44:24+00:00,-1.2,-177.0
2025-03-03 12:44:44+00:00,-1.2,-177.0
2025-03-03 12:45:05+00:00,-1.2,-177.0
2025-03-03 12:45:24+00:00,-1.2,-177.0
2025-03-03 12:45:46+00:00,-1.2,-177.0
2025-03-03 12:46:06+00:00,-1.2,-177.0
2025-03-03 12:46:26+00:00,-1.21,-177.0
2025-03-03 12:46:46+00:00,-1.21,-177.0
2025-03-03 12:47:06+00:00,-1.21,-177.0
2025-03-03 12:47:26+00:00,-1.21,-177.0
2025-03-03 12:47:46+00:00,-1.21,-177.0
2025-03-03 12:48:06+00:00,-1.21,-177.0
2025-03-03 12:48:26+00:00,-1.21,-177.0
2025-03-03 12:48:48+00:00,-1.21,-177.0
2025-03-03 12:49:09+00:00,-1.22,-177.0
2025-03-03 12:49:28+00:00,-1.22,-177.0
2025-03-03 12:49:48+00:00,-1.22,-177.0
2025-03-03 12:50:09+00:00,-1.22,-177.0
2025-03-03 12:50:28+00:00,-1.22,-177.0
2025-03-03 12:50:48+00:00,-1.22,-177.0
2025-03-03 12:51:08+00:00,-1.22,-177.0
2025-03-03 12:51:28+00:00,-1.22,-177.0
2025-03-03 12:51:51+00:00,-1.22,-177.0
2025-03-03 12:52:11+00:00,-1.23,-177.0
2025-03-03 12:52:31+00:00,-1.23,-177.0
2025-03-03 12:52:51+00:00,-1.23,-177.0
